System,System,System,System,System,System,System,System,System,System,System,System,System,System,System,System,System,System,System,System,System,System,System Core C-States,System Core C-States,System Core C-States,System Core C-States,System Core C-States,System Pack C-States,System Pack C-States,System Pack C-States,System Pack C-States,System Pack C-States,System Pack C-States,System Pack C-States,System Pack C-States,Socket 0,Socket 0,Socket 0,Socket 0,Socket 0,Socket 0,Socket 0,Socket 0,Socket 0,Socket 0,Socket 0,Socket 0,Socket 0,Socket 0,Socket 0,SKT0 Core C-State,SKT0 Core C-State,SKT0 Core C-State,SKT0 Core C-State,SKT0 Core C-State,SKT0 Package C-State,SKT0 Package C-State,SKT0 Package C-State,SKT0 Package C-State,SKT0 Package C-State,Proc Energy (Joules),DRAM Energy (Joules),LLCRDMISSLAT (ns),Core0 (Socket 0),Core0 (Socket 0),Core0 (Socket 0),Core0 (Socket 0),Core0 (Socket 0),Core0 (Socket 0),Core0 (Socket 0),Core0 (Socket 0),Core0 (Socket 0),Core0 (Socket 0),Core0 (Socket 0),Core0 (Socket 0),Core0 (Socket 0),Core0 (Socket 0),Core0 (Socket 0),Core0 (Socket 0),Core0 (Socket 0),Core1 (Socket 0),Core1 (Socket 0),Core1 (Socket 0),Core1 (Socket 0),Core1 (Socket 0),Core1 (Socket 0),Core1 (Socket 0),Core1 (Socket 0),Core1 (Socket 0),Core1 (Socket 0),Core1 (Socket 0),Core1 (Socket 0),Core1 (Socket 0),Core1 (Socket 0),Core1 (Socket 0),Core1 (Socket 0),Core1 (Socket 0),Core2 (Socket 0),Core2 (Socket 0),Core2 (Socket 0),Core2 (Socket 0),Core2 (Socket 0),Core2 (Socket 0),Core2 (Socket 0),Core2 (Socket 0),Core2 (Socket 0),Core2 (Socket 0),Core2 (Socket 0),Core2 (Socket 0),Core2 (Socket 0),Core2 (Socket 0),Core2 (Socket 0),Core2 (Socket 0),Core2 (Socket 0),Core3 (Socket 0),Core3 (Socket 0),Core3 (Socket 0),Core3 (Socket 0),Core3 (Socket 0),Core3 (Socket 0),Core3 (Socket 0),Core3 (Socket 0),Core3 (Socket 0),Core3 (Socket 0),Core3 (Socket 0),Core3 (Socket 0),Core3 (Socket 0),Core3 (Socket 0),Core3 (Socket 0),Core3 (Socket 0),Core3 (Socket 0),Core4 (Socket 0),Core4 (Socket 0),Core4 (Socket 0),Core4 (Socket 0),Core4 (Socket 0),Core4 (Socket 0),Core4 (Socket 0),Core4 (Socket 0),Core4 (Socket 0),Core4 (Socket 0),Core4 (Socket 0),Core4 (Socket 0),Core4 (Socket 0),Core4 (Socket 0),Core4 (Socket 0),Core4 (Socket 0),Core4 (Socket 0),Core5 (Socket 0),Core5 (Socket 0),Core5 (Socket 0),Core5 (Socket 0),Core5 (Socket 0),Core5 (Socket 0),Core5 (Socket 0),Core5 (Socket 0),Core5 (Socket 0),Core5 (Socket 0),Core5 (Socket 0),Core5 (Socket 0),Core5 (Socket 0),Core5 (Socket 0),Core5 (Socket 0),Core5 (Socket 0),Core5 (Socket 0),Core6 (Socket 0),Core6 (Socket 0),Core6 (Socket 0),Core6 (Socket 0),Core6 (Socket 0),Core6 (Socket 0),Core6 (Socket 0),Core6 (Socket 0),Core6 (Socket 0),Core6 (Socket 0),Core6 (Socket 0),Core6 (Socket 0),Core6 (Socket 0),Core6 (Socket 0),Core6 (Socket 0),Core6 (Socket 0),Core6 (Socket 0),Core7 (Socket 0),Core7 (Socket 0),Core7 (Socket 0),Core7 (Socket 0),Core7 (Socket 0),Core7 (Socket 0),Core7 (Socket 0),Core7 (Socket 0),Core7 (Socket 0),Core7 (Socket 0),Core7 (Socket 0),Core7 (Socket 0),Core7 (Socket 0),Core7 (Socket 0),Core7 (Socket 0),Core7 (Socket 0),Core7 (Socket 0),Core8 (Socket 0),Core8 (Socket 0),Core8 (Socket 0),Core8 (Socket 0),Core8 (Socket 0),Core8 (Socket 0),Core8 (Socket 0),Core8 (Socket 0),Core8 (Socket 0),Core8 (Socket 0),Core8 (Socket 0),Core8 (Socket 0),Core8 (Socket 0),Core8 (Socket 0),Core8 (Socket 0),Core8 (Socket 0),Core8 (Socket 0),Core9 (Socket 0),Core9 (Socket 0),Core9 (Socket 0),Core9 (Socket 0),Core9 (Socket 0),Core9 (Socket 0),Core9 (Socket 0),Core9 (Socket 0),Core9 (Socket 0),Core9 (Socket 0),Core9 (Socket 0),Core9 (Socket 0),Core9 (Socket 0),Core9 (Socket 0),Core9 (Socket 0),Core9 (Socket 0),Core9 (Socket 0),
Date,Time,EXEC,IPC,FREQ,AFREQ,L3MISS,L2MISS,L3HIT,L2HIT,L3MPI,L2MPI,READ,WRITE,LOCAL,INST,ACYC,TIME(ticks),PhysIPC,PhysIPC%,INSTnom,INSTnom%,C0res%,C1res%,C3res%,C6res%,C7res%,C0res%,C2res%,C3res%,C6res%,C7res%,Proc Energy (Joules),DRAM Energy (Joules),LLCRDMISSLAT (ns),EXEC,IPC,FREQ,AFREQ,L3MISS,L2MISS,L3HIT,L2HIT,L3MPI,L2MPI,L3OCC,READ,WRITE,LOCAL,TEMP,C0res%,C1res%,C3res%,C6res%,C7res%,C0res%,C2res%,C3res%,C6res%,C7res%,SKT0,SKT0,SKT0,EXEC,IPC,FREQ,AFREQ,L3MISS,L2MISS,L3HIT,L2HIT,L3MPI,L2MPI,L3OCC,C0res%,C1res%,C3res%,C6res%,C7res%,TEMP,EXEC,IPC,FREQ,AFREQ,L3MISS,L2MISS,L3HIT,L2HIT,L3MPI,L2MPI,L3OCC,C0res%,C1res%,C3res%,C6res%,C7res%,TEMP,EXEC,IPC,FREQ,AFREQ,L3MISS,L2MISS,L3HIT,L2HIT,L3MPI,L2MPI,L3OCC,C0res%,C1res%,C3res%,C6res%,C7res%,TEMP,EXEC,IPC,FREQ,AFREQ,L3MISS,L2MISS,L3HIT,L2HIT,L3MPI,L2MPI,L3OCC,C0res%,C1res%,C3res%,C6res%,C7res%,TEMP,EXEC,IPC,FREQ,AFREQ,L3MISS,L2MISS,L3HIT,L2HIT,L3MPI,L2MPI,L3OCC,C0res%,C1res%,C3res%,C6res%,C7res%,TEMP,EXEC,IPC,FREQ,AFREQ,L3MISS,L2MISS,L3HIT,L2HIT,L3MPI,L2MPI,L3OCC,C0res%,C1res%,C3res%,C6res%,C7res%,TEMP,EXEC,IPC,FREQ,AFREQ,L3MISS,L2MISS,L3HIT,L2HIT,L3MPI,L2MPI,L3OCC,C0res%,C1res%,C3res%,C6res%,C7res%,TEMP,EXEC,IPC,FREQ,AFREQ,L3MISS,L2MISS,L3HIT,L2HIT,L3MPI,L2MPI,L3OCC,C0res%,C1res%,C3res%,C6res%,C7res%,TEMP,EXEC,IPC,FREQ,AFREQ,L3MISS,L2MISS,L3HIT,L2HIT,L3MPI,L2MPI,L3OCC,C0res%,C1res%,C3res%,C6res%,C7res%,TEMP,EXEC,IPC,FREQ,AFREQ,L3MISS,L2MISS,L3HIT,L2HIT,L3MPI,L2MPI,L3OCC,C0res%,C1res%,C3res%,C6res%,C7res%,TEMP,
2021-07-19,18:13:27.769,1.31,1.29,1.02,1.12,42.7,118,0.638,0.408,0.00139,0.00384,3.69,1.96,100,3.07e+04,2.37e+04,2.34e+03,1.29,32.3,1.31,32.9,90.5,9.2,0.272,0.0662,0,100,0,0,0,0,68,16.8,84.3,1.31,1.29,1.02,1.12,42.7,118,0.638,0.408,0.00139,0.00384, 24840,3.69,1.96,100,48,90.5,9.2,0.272,0.0662,0,100,0,0,0,0,68,16.8 ,84.3 ,1.61,1.53,1.05,1.13,4.53,10.3,0.56,0.364,0.0012,0.00273,  1560,93.4,6.36,0.19,0.000792,0,52,1.19,1.21,0.989,1.12,4,12.1,0.669,0.347,0.00143,0.00431,  1560,88.2,11.4,0.309,0.0691,0,53,1.22,1.22,0.999,1.12,4.01,11.9,0.662,0.361,0.00141,0.00417,  2080,89.4,10.3,0.29,0.00381,0,53,1.27,1.26,1,1.12,3.86,11.8,0.672,0.373,0.0013,0.00397,  1920,89.4,10.4,0.0671,0.0606,0,50,1.34,1.21,1.11,1.13,5.55,11.7,0.524,0.523,0.0018,0.00378,  3960,98.2,1.79,0,0,0,50,1.66,1.54,1.08,1.13,4.15,11,0.622,0.598,0.00106,0.00282,  3360,95.5,4.46,0.0282,0,0,54,1.28,1.31,0.978,1.12,4.43,12.1,0.634,0.324,0.00147,0.00402,  3880,87.4,11.6,0.956,0.103,0,51,1.24,1.26,0.984,1.12,3.91,11.7,0.666,0.366,0.00135,0.00404,  2560,87.6,12,0.162,0.254,0,48,1.13,1.18,0.963,1.12,4.16,12.4,0.665,0.336,0.00158,0.00472,  2480,86.3,13.2,0.559,0,0,53,1.18,1.18,1,1.13,4.09,12.9,0.682,0.361,0.00147,0.00463,  1480,89.2,10.5,0.152,0.168,0,53,
2021-07-19,18:13:28.772,1.33,1.31,1.02,1.12,41.4,115,0.639,0.413,0.00135,0.00375,3.58,1.91,100,3.06e+04,2.34e+04,2.3e+03,1.31,32.7,1.33,33.2,90.5,9.28,0.197,0.0396,0,100,0,0,0,0,66.7,16.5,84.7,1.33,1.31,1.02,1.12,41.4,115,0.639,0.413,0.00135,0.00375, 25400,3.58,1.91,100,47,90.5,9.28,0.197,0.0396,0,100,0,0,0,0,66.7,16.5 ,84.7 ,1.24,1.27,0.979,1.12,3.98,11.3,0.648,0.358,0.00139,0.00395,  2720,87.5,11.9,0.451,0.178,0,52,1.61,1.55,1.04,1.12,4.04,10.4,0.611,0.616,0.00109,0.00281,  2960,92.5,7.16,0.255,0.0584,0,51,1.28,1.32,0.972,1.12,2.99,10.4,0.713,0.378,0.00102,0.00354,  2600,87.1,12.5,0.355,0,0,53,1.22,1.23,0.99,1.12,4.44,12.5,0.645,0.332,0.00158,0.00445,  2000,88.1,11.5,0.312,0.0434,0,49,1.29,1.17,1.11,1.13,5.43,11.8,0.542,0.525,0.00182,0.00397,  3480,97.9,2.08,0,0,0,50,1.17,1.18,0.994,1.12,4.1,12.1,0.661,0.351,0.00153,0.0045,  2960,88.5,11.5,0.0084,0,0,53,1.39,1.35,1.03,1.13,3.86,11.2,0.655,0.366,0.00121,0.00351,  2040,91.1,8.66,0.196,0.0582,0,50,1.25,1.24,1.01,1.12,4.04,11.9,0.66,0.345,0.00141,0.00413,  1840,89.6,10.3,0.091,0,0,47,1.36,1.34,1.01,1.12,3.91,11.3,0.652,0.373,0.00126,0.00361,  1840,89.9,9.96,0.143,0,0,51,1.48,1.42,1.04,1.12,4.59,11.7,0.609,0.337,0.00135,0.00345,  2960,92.4,7.34,0.166,0.0587,0,53,
2021-07-19,18:13:29.768,1.36,1.32,1.03,1.13,42.5,116,0.634,0.411,0.00136,0.00372,3.66,1.97,100,3.12e+04,2.36e+04,2.3e+03,1.32,33,1.36,34,91.4,8.23,0.347,0.0649,0,100,0,0,0,0,67.3,16.5,84.6,1.36,1.32,1.03,1.13,42.5,116,0.634,0.411,0.00136,0.00372, 25080,3.66,1.97,100,47,91.4,8.23,0.347,0.0649,0,100,0,0,0,0,67.3,16.5 ,84.6 ,1.31,1.31,0.998,1.13,4.2,11.5,0.636,0.335,0.0014,0.00383,  1800,88.4,11,0.537,0.112,0,51,1.28,1.26,1.01,1.13,4.41,12.2,0.637,0.34,0.0015,0.00414,  3360,89.8,9.69,0.326,0.154,0,52,1.29,1.26,1.02,1.13,4,11.9,0.665,0.35,0.00135,0.00404,  2320,90.5,9.29,0.189,0,0,52,1.4,1.35,1.04,1.13,4.43,12.1,0.633,0.358,0.00137,0.00373,  2120,91.9,7.82,0.306,0,0,49,1.37,1.23,1.12,1.13,5.65,11.5,0.508,0.527,0.0018,0.00366,  3160,98.7,1.29,0,0,0,50,1.83,1.69,1.08,1.13,3.92,9.6,0.591,0.632,0.000932,0.00228,  1760,95.9,4.08,0.0251,0,0,53,1.28,1.3,0.989,1.12,3.93,11.5,0.66,0.361,0.00133,0.00391,  2960,88.3,10.8,0.826,0.00631,0,50,1.26,1.25,1,1.12,3.69,11.7,0.685,0.369,0.00128,0.00406,  1960,89.7,9.74,0.356,0.24,0,48,1.2,1.21,0.994,1.12,4,12.3,0.674,0.359,0.00145,0.00444,  2760,88.6,10.7,0.567,0.115,0,52,1.37,1.32,1.04,1.13,4.31,11.8,0.637,0.352,0.00137,0.00377,  2880,91.8,7.88,0.34,0.0222,0,53,
2021-07-19,18:13:30.768,1.3,1.3,1,1.12,39,114,0.657,0.416,0.0013,0.0038,3.47,1.8,100,2.99e+04,2.31e+04,2.3e+03,1.3,32.4,1.3,32.5,89.4,10.3,0.259,0.0533,0,100,0,0,0,0,66.5,16.4,84.6,1.3,1.3,1,1.12,39,114,0.657,0.416,0.0013,0.0038, 25960,3.47,1.8,100,48,89.4,10.3,0.259,0.0533,0,100,0,0,0,0,66.5,16.4 ,84.6 ,1.53,1.52,1.01,1.12,3.92,9.78,0.599,0.355,0.00111,0.00278,  2400,89.7,9.98,0.345,0,0,51,1.29,1.29,1,1.12,3.91,11.4,0.657,0.345,0.00132,0.00385,  1040,89.3,10.2,0.346,0.0884,0,53,1.19,1.21,0.983,1.12,3.86,11.9,0.677,0.357,0.00141,0.00437,  1920,87.6,11.8,0.552,0.0468,0,52,1.17,1.24,0.94,1.12,3.91,11.8,0.67,0.353,0.00145,0.00441,  1760,84.2,15.1,0.419,0.203,0,49,1.25,1.12,1.11,1.13,4.81,12.5,0.614,0.542,0.00168,0.00436,  7320,98.1,1.87,0,0,0,50,1.15,1.17,0.977,1.12,3.48,12.1,0.712,0.359,0.00132,0.00457,  1920,87.2,12.8,0,0,0,54,1.07,1.2,0.899,1.1,3.56,11.2,0.684,0.348,0.00144,0.00455,  2440,81.6,18,0.298,0.142,0,50,1.46,1.41,1.03,1.13,3.78,10.6,0.644,0.378,0.00113,0.00316,  1680,91.6,8.19,0.16,0.0294,0,48,1.64,1.53,1.07,1.13,3.69,10.3,0.641,0.619,0.000977,0.00272,  3880,95.2,4.69,0.155,0,0,52,1.26,1.25,1.01,1.13,4.06,12,0.661,0.331,0.0014,0.00413,  1600,89.1,10.6,0.32,0.0241,0,53,
2021-07-19,18:13:31.780,1.29,1.29,0.998,1.12,38.7,114,0.661,0.413,0.0013,0.00384,3.38,1.75,100,2.97e+04,2.3e+04,2.3e+03,1.29,32.2,1.29,32.2,89.1,10.5,0.298,0.0722,0,100,0,0,0,0,66.1,16.4,84.7,1.29,1.29,0.998,1.12,38.7,114,0.661,0.413,0.0013,0.00384, 23680,3.38,1.75,100,47,89.1,10.5,0.298,0.0722,0,100,0,0,0,0,66.1,16.4 ,84.7 ,1.19,1.27,0.938,1.11,3.56,11,0.676,0.346,0.0013,0.00401,  2160,84.4,14.9,0.375,0.303,0,49,1.43,1.44,0.996,1.12,3.81,10.5,0.637,0.356,0.00114,0.00316,  2600,89.2,10.6,0.246,0,0,51,1.31,1.33,0.982,1.12,3.58,11,0.676,0.356,0.00119,0.00367,  1880,87.8,11.5,0.557,0.052,0,52,1.26,1.29,0.976,1.12,3.62,11.1,0.675,0.35,0.00125,0.00385,  2360,87,12.6,0.35,0.0678,0,48,1.2,1.08,1.11,1.13,4.73,12.5,0.622,0.54,0.00172,0.00454,  3480,98.1,1.93,0,0,0,49,1.48,1.42,1.04,1.13,3.52,10.6,0.669,0.61,0.00104,0.00313,  2400,92.5,7.54,0,0,0,53,1.36,1.35,1,1.12,4.26,11.7,0.637,0.341,0.00136,0.00375,  2280,89.7,9.91,0.37,0.0354,0,50,1.18,1.2,0.983,1.12,4.13,12.4,0.666,0.329,0.00152,0.00456,  2560,87.7,11.9,0.216,0.159,0,47,1.24,1.27,0.982,1.12,3.99,12.2,0.674,0.378,0.0014,0.00428,  2840,87.8,11.9,0.186,0.106,0,51,1.23,1.27,0.973,1.12,3.48,10.9,0.68,0.347,0.00123,0.00384,  1120,87.2,12.1,0.684,0,0,52,
2021-07-19,18:13:32.769,1.34,1.31,1.03,1.13,43.4,118,0.631,0.409,0.0014,0.00381,3.73,2.03,100,3.09e+04,2.37e+04,2.3e+03,1.31,32.6,1.34,33.6,91.4,8.27,0.217,0.0743,0,100,0,0,0,0,67.5,16.6,84.6,1.34,1.31,1.03,1.13,43.4,118,0.631,0.409,0.0014,0.00381, 24840,3.73,2.03,100,47,91.4,8.27,0.217,0.0743,0,100,0,0,0,0,67.5,16.6 ,84.6 ,1.25,1.25,1,1.13,4,11.7,0.657,0.359,0.00139,0.00406,  2160,89,10.6,0.318,0.0534,0,50,1.31,1.27,1.04,1.13,4.27,12.5,0.658,0.372,0.00143,0.00418,  2640,92.2,7.75,0.0795,0,0,52,1.18,1.19,0.99,1.12,4.28,12.4,0.654,0.344,0.00158,0.00455,  2920,88.4,11.1,0.308,0.271,0,52,1.79,1.63,1.1,1.13,4.01,10.2,0.606,0.606,0.000974,0.00247,  4480,97.4,2.57,0.0655,0.00173,0,48,1.33,1.2,1.11,1.13,5.71,11.6,0.509,0.528,0.00187,0.0038,  1800,98.1,1.89,0,0,0,49,1.23,1.22,1,1.12,4.81,12.9,0.628,0.337,0.00171,0.00458,  3600,89.6,10.4,0,0,0,53,1.28,1.25,1.03,1.13,4.36,12.5,0.651,0.36,0.00148,0.00424,  1640,90.8,8.64,0.528,0,0,50,1.4,1.35,1.03,1.13,4.07,11.7,0.651,0.366,0.00126,0.00362,  1640,91.8,7.96,0.22,0.0234,0,47,1.37,1.38,0.994,1.12,4.01,11.1,0.637,0.353,0.00127,0.0035,  1400,88.6,10.6,0.421,0.339,0,52,1.3,1.3,0.997,1.13,3.87,11.3,0.658,0.349,0.0013,0.00379,  2560,88.5,11.2,0.228,0.0539,0,52,
2021-07-19,18:13:33.769,1.32,1.31,1.01,1.12,41.8,115,0.637,0.408,0.00138,0.00379,3.57,1.9,100,3.03e+04,2.32e+04,2.3e+03,1.31,32.7,1.32,32.9,89.9,9.63,0.389,0.0866,0,100,0,0,0,0,66.7,16.5,84.6,1.32,1.31,1.01,1.12,41.8,115,0.637,0.408,0.00138,0.00379, 25040,3.57,1.9,100,46,89.9,9.63,0.389,0.0866,0,100,0,0,0,0,66.7,16.5 ,84.6 ,1.3,1.32,0.991,1.12,4.09,11.2,0.634,0.367,0.00136,0.00373,  4240,88.7,10.7,0.34,0.23,0,50,1.26,1.25,1.01,1.12,3.97,12.2,0.675,0.349,0.00138,0.00423,  2280,89.8,10,0.13,0.0613,0,50,1.28,1.28,1,1.12,4.17,12,0.654,0.369,0.00142,0.0041,  1160,89,10.4,0.52,0.11,0,51,1.3,1.3,1,1.12,3.73,11.1,0.665,0.385,0.00125,0.00372,  1040,89,10.8,0.135,0.0768,0,48,1.34,1.2,1.11,1.13,5.19,11.4,0.544,0.541,0.00169,0.00371,  3800,98.1,1.9,0,0,0,50,1.46,1.44,1.02,1.13,3.82,10.6,0.64,0.374,0.00114,0.00315,  1560,90.2,9.81,0,0,0,53,1.57,1.5,1.05,1.13,4.49,11.2,0.6,0.552,0.00125,0.00311,  2840,92.9,6.61,0.413,0.103,0,49,1.26,1.3,0.969,1.12,4,11.6,0.654,0.349,0.00138,0.004,  1920,86.8,12.7,0.454,0.00706,0,46,1.19,1.27,0.944,1.11,4.28,11.5,0.627,0.338,0.00156,0.00418,  4160,85,13.3,1.42,0.27,0,51,1.22,1.21,1,1.12,4.04,12.1,0.668,0.352,0.00144,0.00434,  2040,89.4,10.1,0.478,0.00791,0,52,
2021-07-19,18:13:34.770,1.27,1.31,0.965,1.11,38.3,109,0.647,0.417,0.00131,0.00372,3.35,1.79,100,2.91e+04,2.22e+04,2.3e+03,1.31,32.8,1.27,31.7,86.9,12.5,0.46,0.0946,0,100,0,0,0,0,65.2,16.4,84.6,1.27,1.31,0.965,1.11,38.3,109,0.647,0.417,0.00131,0.00372, 25960,3.35,1.79,100,47,86.9,12.5,0.46,0.0946,0,100,0,0,0,0,65.2,16.4 ,84.6 ,1.41,1.43,0.987,1.11,3.71,9.96,0.628,0.363,0.00114,0.00306,  1840,88.8,10.4,0.659,0.138,0,50,1.6,1.57,1.02,1.12,4.17,10.3,0.595,0.617,0.00113,0.00279,  3440,91.7,7.92,0.201,0.149,0,51,1.1,1.18,0.933,1.11,3.72,11.6,0.679,0.342,0.00147,0.00459,  4000,84.3,15,0.607,0.0493,0,52,1.15,1.27,0.909,1.1,3.59,11.1,0.677,0.341,0.00136,0.00421,  1440,82.6,16.2,0.797,0.349,0,48,1.26,1.17,1.08,1.13,4.73,11,0.569,0.538,0.00163,0.00378,  3760,95.4,4.39,0.169,0,0,49,1.2,1.26,0.949,1.11,3.74,11.1,0.663,0.354,0.00136,0.00403,  1880,85.6,14.3,0.0193,0,0,54,1.4,1.4,0.996,1.12,3.69,10.7,0.655,0.355,0.00115,0.00333,  3680,89,10.7,0.32,0,0,49,1.09,1.24,0.885,1.1,3.52,10.9,0.676,0.358,0.0014,0.00432,  1280,80.4,19.1,0.453,0.0396,0,47,1.12,1.21,0.922,1.1,3.8,11.3,0.664,0.372,0.00148,0.0044,   800,83.7,15,1.13,0.096,0,52,1.33,1.37,0.968,1.11,3.64,10.6,0.657,0.363,0.00119,0.00347,  3840,87.6,12,0.24,0.125,0,52,
2021-07-19,18:13:35.774,1.36,1.31,1.03,1.13,44.5,118,0.623,0.409,0.00142,0.00378,3.8,1.99,100,3.12e+04,2.38e+04,2.3e+03,1.31,32.9,1.36,33.9,91.7,7.93,0.288,0.0631,0,100,0,0,0,0,67.4,16.6,84.7,1.36,1.31,1.03,1.13,44.5,118,0.623,0.409,0.00142,0.00378, 25680,3.8,1.99,100,47,91.7,7.93,0.288,0.0631,0,100,0,0,0,0,67.4,16.6 ,84.7 ,1.31,1.29,1.01,1.12,4.12,11.9,0.653,0.367,0.00137,0.00394,  2640,90.1,9.75,0.0788,0.0541,0,49,1.26,1.26,1,1.13,4,11.8,0.661,0.355,0.00138,0.00407,  2240,88.9,10.6,0.484,0.101,0,51,1.57,1.47,1.07,1.13,4.63,11.4,0.593,0.575,0.00128,0.00315,  3000,95,4.55,0.478,0,0,50,1.28,1.28,0.996,1.12,4.46,12.4,0.64,0.36,0.00151,0.00421,  1640,88.9,10.5,0.496,0.056,0,48,1.32,1.19,1.11,1.13,5.79,11.7,0.504,0.518,0.0019,0.00384,  4160,98,1.97,0,0,0,49,1.28,1.27,1,1.12,4.05,11.9,0.658,0.358,0.00138,0.00404,  1440,89.3,10.6,0.034,0.00553,0,53,1.3,1.25,1.04,1.13,4.67,12.7,0.633,0.352,0.00156,0.00424,  4240,92.3,7.32,0.352,0,0,49,1.21,1.22,0.993,1.12,4.39,12.3,0.644,0.339,0.00157,0.00443,  2480,88.7,10.5,0.48,0.357,0,47,1.53,1.45,1.05,1.13,4.39,10.9,0.599,0.383,0.00124,0.0031,  1760,93.5,6.16,0.301,0.0574,0,51,1.51,1.45,1.04,1.12,4.01,11,0.635,0.381,0.00115,0.00316,  2080,92.5,7.31,0.179,0,0,53,
2021-07-19,18:13:36.770,1.36,1.32,1.03,1.12,43.3,116,0.627,0.412,0.00139,0.00373,3.71,1.98,100,3.11e+04,2.36e+04,2.3e+03,1.32,33,1.36,33.9,91.5,8.08,0.263,0.12,0,100,0,0,0,0,67.4,16.6,84.6,1.36,1.32,1.03,1.12,43.3,116,0.627,0.412,0.00139,0.00373, 26280,3.71,1.98,100,47,91.5,8.08,0.263,0.12,0,100,0,0,0,0,67.4,16.6 ,84.6 ,1.41,1.38,1.02,1.12,4.38,11.1,0.605,0.359,0.00136,0.00343,  1800,90.8,8.82,0.247,0.118,0,50,1.33,1.3,1.02,1.12,4.12,12,0.656,0.373,0.00135,0.00393,  2000,90.5,8.79,0.633,0.0649,0,50,1.46,1.42,1.03,1.12,4.07,10.9,0.628,0.386,0.00121,0.00326,  2160,91.8,7.41,0.349,0.489,0,51,1.29,1.29,1,1.12,4,11.9,0.662,0.374,0.00135,0.004,  2840,89.4,10.5,0.126,0.00317,0,48,1.32,1.19,1.11,1.13,5.36,11.5,0.533,0.531,0.00177,0.00378,  5360,97.8,2.24,0,0,0,49,1.08,1.12,0.967,1.12,4.14,12.2,0.661,0.342,0.00167,0.00492,  3440,86.2,13.7,0.0412,0.00278,0,52,1.2,1.24,0.967,1.11,4.33,11.9,0.635,0.339,0.00157,0.0043,  1640,86.8,11.9,0.855,0.473,0,50,1.27,1.21,1.05,1.13,4.95,13.4,0.631,0.35,0.00169,0.00458,  2480,93.5,6.17,0.292,0.0336,0,47,1.73,1.61,1.08,1.13,4.05,10.1,0.6,0.596,0.00102,0.00255,  1520,95.5,4.44,0.074,0.0151,0,51,1.46,1.39,1.05,1.13,3.96,11.3,0.65,0.368,0.00118,0.00336,  3040,93.1,6.9,0.0138,0,0,53,
2021-07-19,18:13:37.772,1.16,1.32,0.88,1.1,35.4,98.8,0.642,0.424,0.00132,0.0037,3.07,1.67,100,2.67e+04,2.02e+04,2.3e+03,1.32,33,1.16,29,80.2,15.5,1.15,3.18,0,100,0,0,0,0,62,16.2,84.6,1.16,1.32,0.88,1.1,35.4,98.8,0.642,0.424,0.00132,0.0037, 24840,3.07,1.67,100,47,80.2,15.5,1.15,3.18,0,100,0,0,0,0,62,16.2 ,84.6 ,1.04,1.24,0.842,1.09,3.25,9.93,0.673,0.362,0.00135,0.00413,  1760,77.4,16.5,1.78,4.33,0,51,1.22,1.37,0.891,1.09,3.49,9.93,0.649,0.356,0.00124,0.00354,  2360,81.5,16.1,0.913,1.56,0,51,1.5,1.65,0.907,1.1,3.14,8.36,0.625,0.651,0.000912,0.00243,  3320,82.7,11.2,1.09,5.02,0,52,1.02,1.23,0.832,1.1,3.57,10.3,0.654,0.371,0.00152,0.0044,  1560,75.8,13.9,2.5,7.8,0,48,1.23,1.17,1.05,1.13,4.85,11,0.557,0.543,0.00171,0.00387,  2240,92.9,7.11,0,0,0,48,1.05,1.25,0.84,1.09,3.37,10.1,0.667,0.339,0.00139,0.00418,  2840,77.4,22.3,0.221,0.0702,0,52,0.951,1.21,0.788,1.07,3.35,9.85,0.66,0.326,0.00153,0.0045,  3120,73.4,19.9,2.3,4.44,0,50,0.993,1.24,0.803,1.09,3.35,9.58,0.65,0.35,0.00147,0.0042,  2480,73.7,20.7,1.5,4.14,0,47,1.3,1.4,0.929,1.11,3.5,9.97,0.649,0.369,0.00117,0.00333,  3240,83.9,14.4,0.538,1.13,0,52,1.3,1.42,0.919,1.11,3.52,9.77,0.639,0.383,0.00118,0.00326,  1920,83,13,0.64,3.32,0,53,
2021-07-19,18:13:38.771,1.23,1.3,0.945,1.11,39.3,108,0.636,0.417,0.00139,0.00381,3.37,1.81,100,2.84e+04,2.18e+04,2.3e+03,1.3,32.6,1.23,30.8,85.2,12.3,0.651,1.84,0,100,0,0,0,0,64.4,16.4,84.6,1.23,1.3,0.945,1.11,39.3,108,0.636,0.417,0.00139,0.00381, 25920,3.37,1.81,100,47,85.2,12.3,0.651,1.84,0,100,0,0,0,0,64.4,16.4 ,84.6 ,1.3,1.36,0.953,1.11,4.11,10.7,0.618,0.354,0.00138,0.0036,  2080,85.8,12.4,0.647,1.19,0,49,1.58,1.65,0.957,1.1,3.33,8.39,0.603,0.648,0.000915,0.0023,  2000,86.9,11,0.237,1.85,0,50,1.23,1.29,0.953,1.1,3.72,10.9,0.657,0.373,0.00131,0.00383,  1400,86.4,10.9,0.819,1.91,0,51,1.07,1.22,0.877,1.1,3.59,10.9,0.671,0.36,0.00146,0.00445,  1840,79.4,15.8,0.787,4.09,0,48,1.33,1.23,1.09,1.13,5.2,11.2,0.535,0.544,0.00169,0.00364,  2640,96.3,3.72,0,0,0,49,1.13,1.2,0.939,1.11,3.67,11.2,0.672,0.361,0.00142,0.00432,  2000,84.5,15.5,0.00474,0,0,52,1.26,1.31,0.957,1.11,4.13,11.2,0.631,0.36,0.00142,0.00386,  9360,86.6,10.5,1.25,1.68,0,49,1.08,1.2,0.898,1.11,3.65,11.2,0.674,0.359,0.00147,0.00451,  1600,81.1,15,0.617,3.31,0,47,1.11,1.24,0.891,1.1,3.82,11,0.653,0.333,0.0015,0.00431,  1640,80.8,15,0.676,3.54,0,51,1.24,1.32,0.941,1.11,4.1,11.4,0.639,0.334,0.00144,0.00398,  1360,84.7,13,1.47,0.772,0,53,
2021-07-19,18:13:39.774,1.33,1.32,1.01,1.12,41.7,115,0.637,0.415,0.00136,0.00374,3.58,1.93,100,3.07e+04,2.33e+04,2.3e+03,1.32,33,1.33,33.3,90,9.42,0.472,0.101,0,100,0,0,0,0,67,16.5,84.6,1.33,1.32,1.01,1.12,41.7,115,0.637,0.415,0.00136,0.00374, 27360,3.58,1.93,100,45,90,9.42,0.472,0.101,0,100,0,0,0,0,67,16.5 ,84.6 ,1.22,1.23,0.991,1.12,4.26,12.3,0.654,0.341,0.00152,0.0044,  4000,88.3,10.9,0.606,0.193,0,50,1.22,1.25,0.983,1.12,3.85,11.8,0.674,0.367,0.00137,0.00419,  1720,87.6,11.5,0.65,0.232,0,50,1.5,1.49,1.01,1.12,4.13,9.56,0.568,0.378,0.00119,0.00276,  1560,90.4,9.16,0.361,0.119,0,53,1.4,1.37,1.03,1.13,4.18,11.3,0.632,0.347,0.00129,0.00351,  2480,91.2,8.33,0.273,0.156,0,46,1.35,1.2,1.12,1.13,5.69,11.7,0.514,0.524,0.00184,0.00378,  4200,98.8,1.19,0,0,0,49,1.23,1.24,0.998,1.13,4.07,12.3,0.669,0.354,0.00143,0.00434,  2440,88.5,11.4,0.0823,0,0,52,1.53,1.5,1.02,1.12,3.77,10.6,0.645,0.621,0.00107,0.00301,  1960,91.3,7.94,0.764,0.0334,0,48,1.22,1.22,0.997,1.13,4.07,12.6,0.679,0.348,0.00145,0.0045,  3320,88.4,10.7,0.667,0.178,0,46,1.28,1.3,0.98,1.13,3.44,11.4,0.698,0.359,0.00117,0.00386,  3400,87,12.4,0.571,0.00885,0,51,1.38,1.39,0.991,1.12,4.21,11.2,0.623,0.353,0.00133,0.00352,  2280,88.5,10.7,0.739,0.0923,0,52,
2021-07-19,18:13:40.772,1.3,1.32,0.982,1.12,39,110,0.645,0.421,0.00131,0.00369,3.38,1.8,100,2.98e+04,2.26e+04,2.3e+03,1.32,33,1.3,32.4,88.1,11.3,0.436,0.166,0,100,0,0,0,0,65.9,16.3,84.5,1.3,1.32,0.982,1.12,39,110,0.645,0.421,0.00131,0.00369, 25400,3.38,1.8,100,46,88.1,11.3,0.436,0.166,0,100,0,0,0,0,65.9,16.3 ,84.5 ,1.25,1.31,0.958,1.11,3.71,11,0.662,0.354,0.00129,0.00381,  1440,85.9,13.4,0.546,0.157,0,49,1.22,1.3,0.942,1.11,3.93,11.1,0.645,0.345,0.0014,0.00394,  1440,84.8,14.4,0.715,0.138,0,51,1.41,1.4,1.01,1.12,4.03,10.8,0.628,0.359,0.00124,0.00333,  2640,90,9.33,0.358,0.317,0,51,1.53,1.54,0.99,1.11,3.26,9.26,0.648,0.625,0.000928,0.00263,  3160,89.2,9.96,0.596,0.242,0,47,1.29,1.17,1.1,1.13,5.16,11.7,0.558,0.526,0.00174,0.00393,  4040,97.4,2.57,0.0318,0,0,49,1.22,1.27,0.964,1.11,3.94,11.4,0.655,0.368,0.00141,0.00407,  2520,86.8,12.9,0.00534,0.263,0,52,1.26,1.3,0.972,1.12,3.55,10.7,0.667,0.385,0.00123,0.00368,   840,87.1,12.4,0.483,0.00358,0,50,1.39,1.38,1.01,1.12,4.23,11.6,0.637,0.414,0.00132,0.00363,  3800,90.1,9.59,0.216,0.0498,0,46,1.13,1.21,0.929,1.1,3.7,11.6,0.681,0.345,0.00143,0.00448,  4240,84.3,14.8,0.689,0.224,0,51,1.26,1.33,0.948,1.12,3.48,10.7,0.674,0.354,0.00121,0.0037,  1280,85,14.1,0.721,0.267,0,52,
2021-07-19,18:13:41.774,1.35,1.32,1.02,1.13,42.5,116,0.634,0.41,0.00137,0.00374,3.64,1.95,100,3.11e+04,2.35e+04,2.3e+03,1.32,33,1.35,33.7,90.9,8.76,0.23,0.12,0,100,0,0,0,0,67.5,16.5,84.6,1.35,1.32,1.02,1.13,42.5,116,0.634,0.41,0.00137,0.00374, 23760,3.64,1.95,100,46,90.9,8.76,0.23,0.12,0,100,0,0,0,0,67.5,16.5 ,84.6 ,1.32,1.31,1,1.13,4.21,11.9,0.646,0.364,0.00139,0.00392,  2880,89.2,10.6,0.183,0.0146,0,49,1.31,1.31,0.997,1.12,4.08,11.6,0.647,0.35,0.00136,0.00385,  2160,88.7,10.7,0.596,0.0133,0,50,1.29,1.28,1.01,1.12,4.05,11.5,0.647,0.362,0.00137,0.00387,  2360,89.6,9.94,0.354,0.116,0,51,1.53,1.49,1.02,1.13,4.21,11,0.619,0.541,0.0012,0.00314,  2720,90.8,8.97,0.0946,0.103,0,47,1.32,1.18,1.12,1.13,5.42,11.3,0.519,0.533,0.00178,0.00369,  4440,98.7,1.29,0,0,0,48,1.26,1.23,1.02,1.12,4.28,12.9,0.668,0.348,0.00148,0.00444,  2240,90.9,9.09,0.00355,0.00649,0,52,1.39,1.37,1.02,1.12,4.17,11.4,0.635,0.428,0.00131,0.00358,  1440,90.6,8.44,0.458,0.502,0,48,1.55,1.51,1.03,1.12,3.89,10.3,0.622,0.383,0.00109,0.0029,  1600,91.6,8.16,0.0189,0.203,0,46,1.23,1.23,1,1.13,4.19,12.4,0.662,0.363,0.00147,0.00435,  1960,89,10.5,0.454,0.0475,0,51,1.3,1.29,1.01,1.13,4,11.9,0.664,0.353,0.00134,0.00398,  1960,89.8,9.87,0.136,0.195,0,53,
2021-07-19,18:13:42.771,1.33,1.33,0.999,1.12,40.8,112,0.636,0.42,0.00134,0.00367,3.55,1.92,100,3.05e+04,2.3e+04,2.3e+03,1.33,33.2,1.33,33.2,89.2,10.3,0.405,0.126,0,100,0,0,0,0,66.6,16.4,84.5,1.33,1.33,0.999,1.12,40.8,112,0.636,0.42,0.00134,0.00367, 25440,3.55,1.92,100,46,89.2,10.3,0.405,0.126,0,100,0,0,0,0,66.6,16.4 ,84.5 ,1.24,1.28,0.965,1.11,3.72,11.4,0.673,0.366,0.00131,0.00401,  3280,86.6,12.5,0.679,0.161,0,49,1.24,1.29,0.957,1.12,3.79,10.9,0.653,0.355,0.00133,0.00385,  3320,85.5,13.7,0.451,0.288,0,51,1.21,1.28,0.946,1.11,3.12,10.2,0.694,0.368,0.00112,0.00366,  1560,85,14.3,0.478,0.18,0,51,1.46,1.44,1.02,1.12,4.24,11.7,0.638,0.494,0.00126,0.00349,  1640,90.6,9.02,0.202,0.169,0,46,1.33,1.19,1.11,1.13,5.6,11.8,0.524,0.518,0.00184,0.00386,  4080,98.4,1.64,0,0,0,49,1.24,1.24,0.999,1.12,3.77,11.5,0.673,0.377,0.00132,0.00404,  1880,89.1,10.7,0.186,0.00281,0,52,1.46,1.45,1.01,1.12,3.99,10.7,0.626,0.402,0.00119,0.00318,  3040,90,9.74,0.222,0.0296,0,49,1.37,1.37,1,1.12,4.12,11.3,0.635,0.364,0.00131,0.00357,  3200,89.4,9.76,0.461,0.344,0,46,1.5,1.47,1.02,1.12,4.29,10.9,0.606,0.526,0.00125,0.00316,  1680,91.4,8.09,0.446,0.0769,0,49,1.23,1.28,0.962,1.12,4.17,11.8,0.645,0.333,0.00147,0.00415,  1760,85.9,13.2,0.922,0.00808,0,52,
2021-07-19,18:13:43.773,1.34,1.31,1.02,1.13,42.7,116,0.631,0.406,0.00138,0.00375,3.7,1.95,100,3.09e+04,2.36e+04,2.3e+03,1.31,32.7,1.34,33.5,90.9,8.56,0.429,0.0592,0,100,0,0,0,0,67.4,16.6,84.6,1.34,1.31,1.02,1.13,42.7,116,0.631,0.406,0.00138,0.00375, 25640,3.7,1.95,100,46,90.9,8.56,0.429,0.0592,0,100,0,0,0,0,67.4,16.6 ,84.6 ,1.27,1.25,1.02,1.13,3.84,11.2,0.659,0.355,0.00132,0.00386,  2200,90.1,9.47,0.324,0.0762,0,48,1.76,1.63,1.08,1.13,4.32,10.5,0.587,0.57,0.00106,0.00257,  1960,95.9,3.58,0.498,0,0,50,1.25,1.25,0.996,1.13,3.65,10.9,0.663,0.378,0.00127,0.00378,  3080,88.3,11.3,0.292,0.128,0,51,1.47,1.45,1.01,1.12,3.97,10.7,0.629,0.365,0.00117,0.00316,  1760,89.9,9.74,0.275,0.0735,0,48,1.32,1.19,1.11,1.13,5.16,11.5,0.552,0.532,0.00169,0.00378,  5200,98.3,1.71,0.0381,0,0,49,1.34,1.33,1.01,1.12,4.19,11.6,0.637,0.354,0.00135,0.00373,  1920,89.7,10.3,0,0,0,52,1.15,1.17,0.985,1.12,4.24,12.7,0.665,0.341,0.0016,0.00477,  2000,87.8,11.3,0.87,0,0,49,1.3,1.3,1,1.12,3.98,11.8,0.662,0.361,0.00133,0.00394,  2960,89.2,9.79,0.868,0.147,0,46,1.26,1.24,1.02,1.13,4.37,12.1,0.639,0.377,0.00151,0.00417,  2360,90.1,9.23,0.461,0.168,0,50,1.28,1.26,1.01,1.12,5,12.8,0.609,0.334,0.0017,0.00434,  2200,90.1,9.22,0.668,0,0,53,
2021-07-19,18:13:44.773,1.22,1.31,0.928,1.1,36.7,104,0.648,0.418,0.00131,0.00373,3.18,1.71,100,2.8e+04,2.14e+04,2.3e+03,1.31,32.7,1.22,30.4,84.4,14.1,0.863,0.642,0,100,0,0,0,0,63.9,16.2,84.5,1.22,1.31,0.928,1.1,36.7,104,0.648,0.418,0.00131,0.00373, 26360,3.18,1.71,100,47,84.4,14.1,0.863,0.642,0,100,0,0,0,0,63.9,16.2 ,84.5 ,1.14,1.27,0.897,1.1,3.35,10.4,0.677,0.34,0.00128,0.00395,  2200,81.6,16.1,1.16,1.19,0,49,1.45,1.48,0.978,1.12,3.48,9.5,0.634,0.482,0.00105,0.00285,  2680,87.5,10,0.397,2.04,0,51,1.26,1.35,0.939,1.11,3.94,10.7,0.633,0.366,0.00136,0.00369,  1640,84.8,13.7,0.928,0.499,0,51,1.08,1.22,0.888,1.09,3.12,10.8,0.712,0.36,0.00125,0.00436,  1120,81.7,16.8,1.36,0.141,0,48,1.24,1.16,1.07,1.13,5.33,11.5,0.538,0.519,0.00187,0.00404,  3840,95,5.01,0.0373,0,0,49,1.52,1.58,0.96,1.1,3.45,9.51,0.638,0.587,0.000986,0.00272,  2040,87.6,12.3,0.188,0,0,52,1.13,1.26,0.893,1.09,3.13,9.91,0.685,0.36,0.0012,0.00382,  4200,82,16.6,0.874,0.562,0,49,1.15,1.3,0.888,1.09,3.76,10.3,0.633,0.347,0.00142,0.00387,  2920,81.4,17.6,0.731,0.278,0,47,1.11,1.25,0.887,1.09,3.74,11,0.66,0.355,0.00146,0.00429,  3640,81.2,16.2,2.06,0.587,0,51,1.08,1.22,0.882,1.09,3.46,10.7,0.676,0.341,0.0014,0.0043,  2080,80.9,17.1,0.89,1.13,0,52,
2021-07-19,18:13:45.774,1.33,1.31,1.02,1.12,42.9,116,0.631,0.401,0.0014,0.0038,3.69,1.99,100,3.06e+04,2.34e+04,2.3e+03,1.31,32.7,1.33,33.3,90.5,9.01,0.376,0.0654,0,100,0,0,0,0,67.2,16.6,84.6,1.33,1.31,1.02,1.12,42.9,116,0.631,0.401,0.0014,0.0038, 25160,3.69,1.99,100,45,90.5,9.01,0.376,0.0654,0,100,0,0,0,0,67.2,16.6 ,84.6 ,1.19,1.2,0.991,1.13,4.15,12.2,0.659,0.338,0.00151,0.00443,  3960,88,11.6,0.311,0.127,0,49,1.46,1.38,1.06,1.13,4.41,11.4,0.612,0.359,0.00131,0.00339,  1960,93.4,6.38,0.232,0.00491,0,51,1.22,1.22,1,1.12,4.07,12.3,0.669,0.36,0.00146,0.0044,  1960,89.3,10.3,0.371,0.00203,0,51,1.22,1.23,0.994,1.12,4.07,12.2,0.667,0.358,0.00145,0.00434,  2000,88.5,10.7,0.628,0.177,0,47,1.33,1.2,1.11,1.13,5.66,11.6,0.513,0.522,0.00184,0.00378,  5440,98,1.95,0,0,0,49,1.62,1.51,1.07,1.13,4.17,10.8,0.612,0.482,0.00112,0.00288,  1680,94.7,5.29,0,0,0,51,1.42,1.41,1,1.12,4.05,11.1,0.636,0.355,0.00124,0.0034,  1440,90,9.48,0.56,0,0,48,1.35,1.34,1.01,1.13,4.57,12.2,0.626,0.395,0.00147,0.00392,  3360,89.8,9.83,0.204,0.127,0,45,1.28,1.31,0.98,1.12,3.56,11,0.677,0.447,0.00121,0.00374,  1240,87.8,11.2,0.913,0.164,0,50,1.21,1.26,0.96,1.12,4.23,11.4,0.63,0.341,0.00152,0.00411,  2120,86,13.4,0.537,0.0522,0,52,
2021-07-19,18:13:46.774,1.35,1.32,1.03,1.13,43,116,0.631,0.416,0.00138,0.00375,3.66,1.91,100,3.11e+04,2.36e+04,2.3e+03,1.32,32.9,1.35,33.8,91.1,8.55,0.268,0.0628,0,100,0,0,0,0,67.3,16.6,84.6,1.35,1.32,1.03,1.13,43,116,0.631,0.416,0.00138,0.00375, 26080,3.66,1.91,100,45,91.1,8.55,0.268,0.0628,0,100,0,0,0,0,67.3,16.6 ,84.6 ,1.22,1.21,1.01,1.12,4.35,12.7,0.657,0.352,0.00155,0.00451,  2400,89.7,9.99,0.281,0.00398,0,48,1.27,1.27,1,1.12,4.58,12.6,0.638,0.332,0.00157,0.00433,  3960,89.1,10.6,0.256,0.084,0,51,1.31,1.3,1.01,1.12,4.11,11.2,0.635,0.365,0.00136,0.00372,  3280,89.7,10.1,0.104,0.149,0,49,1.49,1.45,1.03,1.13,4.14,11.2,0.631,0.372,0.00121,0.00328,  1320,91.5,8.02,0.474,0,0,47,1.29,1.17,1.1,1.13,5.32,11.4,0.534,0.53,0.0018,0.00385,  4960,97.3,2.66,0,0,0,49,1.16,1.2,0.972,1.12,3.78,12,0.684,0.347,0.00141,0.00448,  2960,86.6,13.2,0.213,0.00306,0,52,1.29,1.28,1.01,1.12,4.11,12.1,0.661,0.376,0.00139,0.00409,  1760,89.6,9.95,0.438,0.0406,0,49,1.49,1.41,1.06,1.13,4.43,11.6,0.619,0.484,0.00129,0.00339,  2360,93.7,6.12,0.0748,0.125,0,45,1.68,1.56,1.08,1.13,3.81,9.87,0.614,0.57,0.000987,0.00256,  1600,95.7,3.97,0.345,0.0324,0,50,1.31,1.31,0.995,1.13,4.35,11.7,0.628,0.344,0.00145,0.0039,  1480,88.3,11,0.498,0.19,0,53,
2021-07-19,18:13:47.775,1.33,1.31,1.02,1.12,40.3,115,0.649,0.405,0.00132,0.00375,3.49,1.89,100,3.06e+04,2.34e+04,2.3e+03,1.31,32.7,1.33,33.3,90.6,8.98,0.391,0.0526,0,100,0,0,0,0,66.9,16.4,84.6,1.33,1.31,1.02,1.12,40.3,115,0.649,0.405,0.00132,0.00375, 26720,3.49,1.89,100,45,90.6,8.98,0.391,0.0526,0,100,0,0,0,0,66.9,16.4 ,84.6 ,1.26,1.29,0.977,1.12,3.6,11.2,0.679,0.349,0.00124,0.00387,  2160,87,12.2,0.516,0.288,0,48,1.32,1.35,0.975,1.12,3.72,11,0.662,0.348,0.00123,0.00363,  3360,87.2,12.3,0.536,0,0,50,1.51,1.45,1.04,1.12,4.08,10.8,0.622,0.365,0.00117,0.0031,  3480,92.5,6.93,0.5,0.0158,0,50,1.38,1.35,1.02,1.12,4,11.6,0.654,0.354,0.00126,0.00364,  4160,90.8,8.74,0.43,0.019,0,46,1.29,1.16,1.11,1.13,5.25,12,0.564,0.521,0.00177,0.00406,  1920,98.3,1.65,0,0,0,48,1.08,1.1,0.976,1.12,3.87,12.4,0.689,0.332,0.00156,0.00504,  2400,87.5,12.4,0.0943,0,0,52,1.2,1.2,1.01,1.12,4.28,12.8,0.665,0.365,0.00154,0.00461,  3080,89.6,10,0.274,0.0862,0,48,1.62,1.53,1.06,1.13,3.79,10.3,0.631,0.584,0.00102,0.00276,  2440,93.6,5.94,0.388,0.0262,0,45,1.29,1.29,1,1.13,4.04,11.7,0.656,0.356,0.00137,0.00397,  1080,88.7,10.6,0.711,0,0,51,1.37,1.35,1.01,1.12,3.67,11,0.666,0.359,0.00117,0.0035,  2640,90.4,9.03,0.463,0.0914,0,52,
2021-07-19,18:13:48.775,1.3,1.3,1,1.12,40.9,114,0.64,0.408,0.00136,0.00379,3.51,1.88,100,3e+04,2.31e+04,2.3e+03,1.3,32.5,1.3,32.6,89.4,10,0.451,0.126,0,100,0,0,0,0,66.5,16.5,84.6,1.3,1.3,1,1.12,40.9,114,0.64,0.408,0.00136,0.00379, 25640,3.51,1.88,100,46,89.4,10,0.451,0.126,0,100,0,0,0,0,66.5,16.5 ,84.6 ,1.38,1.38,0.995,1.12,4.11,11.2,0.631,0.336,0.0013,0.00352,  3760,88.8,10.4,0.521,0.223,0,48,1.28,1.29,0.987,1.12,3.83,11.2,0.659,0.357,0.00131,0.00383,  2120,88.2,11,0.52,0.263,0,50,1.46,1.44,1.01,1.12,3.84,10.5,0.634,0.38,0.00114,0.00311,  1360,90.2,9.06,0.585,0.19,0,49,1.17,1.23,0.956,1.12,3.86,12.1,0.681,0.361,0.00143,0.00448,  2360,85.6,13.6,0.738,0.0343,0,47,1.31,1.19,1.1,1.13,5.15,11.6,0.557,0.529,0.00171,0.00386,  3000,97.2,2.76,0,0,0,48,1.2,1.19,1,1.13,4.2,12.5,0.664,0.358,0.00153,0.00454,  2960,89.1,10.8,0.0744,0.0359,0,51,1.19,1.24,0.963,1.11,4,11.4,0.65,0.348,0.00146,0.00416,  2080,86.6,12.6,0.615,0.194,0,48,1.53,1.47,1.04,1.13,4.06,10.7,0.619,0.585,0.00116,0.00303,  2080,92.3,7.26,0.17,0.237,0,46,1.34,1.37,0.98,1.12,3.66,10.4,0.649,0.342,0.00118,0.00337,  4000,87.3,12,0.597,0.0146,0,49,1.19,1.2,0.989,1.12,4.22,12.1,0.651,0.351,0.00154,0.00441,  1920,88.4,10.9,0.689,0.0677,0,52,
2021-07-19,18:13:49.774,1.34,1.3,1.03,1.13,42.8,117,0.635,0.407,0.00139,0.00381,3.67,1.95,100,3.08e+04,2.36e+04,2.3e+03,1.3,32.6,1.34,33.4,91,8.62,0.227,0.113,0,100,0,0,0,0,67.3,16.5,84.6,1.34,1.3,1.03,1.13,42.8,117,0.635,0.407,0.00139,0.00381, 24680,3.67,1.95,100,46,91,8.62,0.227,0.113,0,100,0,0,0,0,67.3,16.5 ,84.6 ,1.37,1.3,1.05,1.13,4.73,12.6,0.625,0.335,0.0015,0.00401,  1440,93.1,6.77,0.0841,0.0144,0,48,1.44,1.4,1.03,1.13,4.55,12.4,0.632,0.449,0.00137,0.00372,  1520,91.2,8.3,0.319,0.145,0,50,1.37,1.32,1.04,1.12,4.18,11.5,0.637,0.375,0.00133,0.00365,  3040,92.6,7.16,0.21,0,0,50,1.23,1.28,0.964,1.11,4.03,11.7,0.655,0.349,0.00142,0.00412,  1320,86.5,12.7,0.622,0.153,0,47,1.29,1.17,1.1,1.13,5.37,11.5,0.535,0.529,0.00181,0.00389,  4560,97.2,2.78,0,0,0,48,1.19,1.19,0.999,1.12,4.03,12.1,0.668,0.362,0.00147,0.00441,  2960,89,11,0.0435,0.00245,0,51,1.51,1.43,1.06,1.13,4.03,11,0.634,0.382,0.00116,0.00316,  3320,93.8,5.81,0.285,0.111,0,48,1.23,1.23,0.998,1.13,4.34,12.3,0.647,0.332,0.00154,0.00435,  2400,88.5,11.3,0.164,0,0,46,1.3,1.3,0.996,1.13,3.81,11.4,0.667,0.371,0.00128,0.00383,  2400,88.4,10.8,0.343,0.456,0,51,1.44,1.42,1.01,1.12,3.73,10.5,0.646,0.516,0.00113,0.00318,  1720,90,9.54,0.198,0.244,0,53,
2021-07-19,18:13:50.775,1.31,1.31,1,1.12,41.3,113,0.636,0.404,0.00137,0.00376,3.56,1.91,100,3.02e+04,2.3e+04,2.3e+03,1.31,32.7,1.31,32.8,89.3,10,0.505,0.173,0,100,0,0,0,0,66.5,16.5,84.7,1.31,1.31,1,1.12,41.3,113,0.636,0.404,0.00137,0.00376, 26200,3.56,1.91,100,46,89.3,10,0.505,0.173,0,100,0,0,0,0,66.5,16.5 ,84.7 ,1.2,1.25,0.96,1.12,3.59,11,0.675,0.355,0.0013,0.004,  1840,86,13.6,0.328,0.0264,0,48,1.48,1.44,1.02,1.12,3.8,10.5,0.639,0.583,0.00112,0.00309,  2360,91.3,7.86,0.705,0.131,0,50,1.57,1.53,1.03,1.12,4.26,9.62,0.558,0.371,0.00118,0.00267,  1400,91.8,7.66,0.574,0.00611,0,50,1.22,1.27,0.962,1.12,4.03,12,0.663,0.342,0.00143,0.00425,  1960,86.2,12.9,0.948,0,0,47,1.34,1.21,1.11,1.13,5.37,11.3,0.525,0.529,0.00174,0.00367,  4200,97.8,2.19,0.027,0,0,48,1.36,1.29,1.05,1.13,4.51,12.4,0.635,0.374,0.00144,0.00395,  6480,93.4,6.62,0,0,0,51,1.23,1.26,0.971,1.12,4.01,11.6,0.656,0.336,0.00142,0.00413,  2440,86.7,12.6,0.351,0.347,0,50,1.22,1.26,0.974,1.11,4.07,12,0.66,0.331,0.00144,0.00425,  2400,87.3,11.1,0.804,0.755,0,47,1.28,1.33,0.961,1.12,3.69,10.9,0.662,0.349,0.00126,0.00371,  1560,86,12.7,0.949,0.33,0,51,1.21,1.24,0.971,1.12,4.01,12.1,0.67,0.352,0.00144,0.00436,  1560,86.6,12.9,0.361,0.13,0,53,
2021-07-19,18:13:51.775,1.11,1.33,0.831,1.09,31.7,92.1,0.655,0.433,0.00124,0.00361,2.77,1.49,100,2.55e+04,1.91e+04,2.3e+03,1.33,33.3,1.11,27.7,76.5,17.6,0.883,4.96,0,100,0,0,0,0,60.2,16,84.4,1.11,1.33,0.831,1.09,31.7,92.1,0.655,0.433,0.00124,0.00361, 25360,2.77,1.49,100,46,76.5,17.6,0.883,4.96,0,100,0,0,0,0,60.2,16 ,84.4 ,0.982,1.31,0.75,1.08,2.78,8.47,0.672,0.356,0.00123,0.00375,  1440,69.7,18,1.51,10.8,0,48,0.942,1.23,0.765,1.08,3.1,9.31,0.667,0.329,0.00143,0.0043,  2600,71,18.1,0.728,10.1,0,50,1.01,1.28,0.786,1.08,2.83,8.73,0.675,0.392,0.00123,0.00378,  2440,72.7,21.7,0.564,5.08,0,51,1.25,1.48,0.844,1.08,2.84,8.26,0.656,0.389,0.000988,0.00288,  2240,77.8,15.1,1.64,5.42,0,46,1.22,1.16,1.04,1.13,4.61,11.3,0.59,0.536,0.00165,0.00403,  4800,92.4,7.49,0.13,0,0,48,1.08,1.33,0.813,1.07,3.16,9.2,0.656,0.374,0.00127,0.0037,  1920,76.2,23.8,0.00321,0,0,50,1.4,1.53,0.915,1.09,3.14,9.14,0.656,0.535,0.000978,0.00284,  3840,83.8,15,0.62,0.545,0,48,0.941,1.22,0.77,1.08,3.19,9.58,0.667,0.354,0.00147,0.00442,  1200,71.3,21,2.06,5.66,0,45,1.06,1.34,0.789,1.07,2.78,8.85,0.685,0.377,0.00114,0.00363,  2440,73.7,19.7,0.937,5.6,0,50,1.21,1.45,0.836,1.09,3.28,9.27,0.646,0.531,0.00118,0.00334,  2440,76.4,16.5,0.644,6.5,0,51,
2021-07-19,18:13:52.775,1.25,1.29,0.971,1.11,38.1,110,0.655,0.41,0.00133,0.00384,3.31,1.73,100,2.87e+04,2.23e+04,2.3e+03,1.29,32.2,1.25,31.2,87.3,12,0.479,0.178,0,100,0,0,0,0,65.2,16.3,84.5,1.25,1.29,0.971,1.11,38.1,110,0.655,0.41,0.00133,0.00384, 25200,3.31,1.73,100,45,87.3,12,0.479,0.178,0,100,0,0,0,0,65.2,16.3 ,84.5 ,1.07,1.18,0.9,1.1,3.55,11,0.676,0.336,0.00145,0.00447,  4360,82.1,16.7,0.899,0.315,0,48,1.26,1.29,0.975,1.12,3.95,11.3,0.65,0.337,0.00137,0.0039,  2520,87.1,12.4,0.433,0.0433,0,50,1.36,1.36,0.999,1.12,4,11,0.638,0.359,0.00127,0.00352,  2360,89.5,10.1,0.127,0.276,0,50,1.31,1.33,0.987,1.12,3.6,10.8,0.666,0.363,0.0012,0.00358,  1840,88.2,11.2,0.625,0,0,45,1.28,1.16,1.1,1.13,4.96,12,0.585,0.527,0.00169,0.00407,  2560,97.6,2.44,0,0,0,48,1.13,1.2,0.937,1.11,3.47,11.1,0.687,0.35,0.00134,0.00427,  3440,84.6,15.2,0.0583,0.0709,0,52,1.42,1.47,0.966,1.11,3.53,10.4,0.662,0.539,0.00108,0.0032,  2600,86.8,12.7,0.419,0.0513,0,48,1.14,1.19,0.957,1.12,3.98,11.8,0.663,0.35,0.00152,0.00451,  1680,85.8,13.2,0.292,0.693,0,46,1.09,1.19,0.911,1.09,3.59,11.4,0.686,0.329,0.00144,0.00458,  1680,83.5,15.5,0.997,0.00716,0,50,1.45,1.49,0.973,1.11,3.5,9.62,0.636,0.498,0.00105,0.00288,  2160,87.8,11,0.936,0.318,0,52,
2021-07-19,18:13:53.775,1.33,1.31,1.02,1.12,42.2,116,0.635,0.414,0.00138,0.00379,3.64,1.96,100,3.06e+04,2.34e+04,2.3e+03,1.31,32.7,1.33,33.2,90.5,9.12,0.325,0.088,0,100,0,0,0,0,67,16.6,84.6,1.33,1.31,1.02,1.12,42.2,116,0.635,0.414,0.00138,0.00379, 24520,3.64,1.96,100,45,90.5,9.12,0.325,0.088,0,100,0,0,0,0,67,16.6 ,84.6 ,1.89,1.73,1.1,1.13,3.51,9,0.61,0.648,0.000805,0.00206,  1680,96.9,2.92,0.176,0,0,48,1.29,1.28,1.01,1.12,4.15,11.9,0.652,0.374,0.00139,0.00401,  2680,90.1,9.04,0.533,0.349,0,50,1.26,1.24,1.01,1.13,4.17,12,0.651,0.356,0.00145,0.00414,  1200,89.7,9.5,0.74,0.0867,0,51,1.18,1.23,0.956,1.12,3.95,11.6,0.659,0.34,0.00146,0.00427,  2320,85.6,14.1,0.273,0.0845,0,45,1.34,1.21,1.11,1.13,5.59,11.5,0.512,0.531,0.00181,0.00371,  3520,98.4,1.58,0,0,0,47,1.24,1.22,1.02,1.13,4.09,12.4,0.671,0.356,0.00143,0.00435,  2720,90.3,9.59,0.0654,0,0,51,1.18,1.2,0.979,1.12,4.13,12.3,0.666,0.342,0.00152,0.00455,  2040,87.2,12.3,0.47,0.00812,0,48,1.29,1.29,1,1.12,4.12,12,0.656,0.361,0.00139,0.00403,  2040,89.1,10.4,0.344,0.1,0,46,1.37,1.35,1.01,1.12,4.57,11.8,0.612,0.35,0.00145,0.00374,  3320,90.2,9.55,0.121,0.0858,0,49,1.25,1.29,0.97,1.11,3.94,11.3,0.652,0.355,0.00137,0.00395,  3000,87.1,12.2,0.528,0.165,0,52,
2021-07-19,18:13:54.778,1.35,1.31,1.03,1.13,43.7,117,0.627,0.404,0.00141,0.00377,3.72,2,100,3.11e+04,2.37e+04,2.3e+03,1.31,32.8,1.35,33.8,91.5,8.16,0.219,0.1,0,100,0,0,0,0,67.5,16.6,84.7,1.35,1.31,1.03,1.13,43.7,117,0.627,0.404,0.00141,0.00377, 26360,3.72,2,100,45,91.5,8.16,0.219,0.1,0,100,0,0,0,0,67.5,16.6 ,84.7 ,1.31,1.3,1.01,1.12,4.34,12,0.636,0.357,0.00144,0.00396,  1160,89.4,9.63,0.466,0.461,0,49,1.32,1.29,1.02,1.13,3.99,11.7,0.659,0.365,0.00131,0.00385,  2200,90.5,9.38,0.123,0.0151,0,50,1.34,1.32,1.02,1.12,3.94,11.3,0.651,0.368,0.00128,0.00366,   680,90.5,9.17,0.26,0.0346,0,49,1.25,1.24,1.01,1.13,3.79,12.2,0.691,0.36,0.00131,0.00424,  3720,89.5,10.3,0.122,0.0663,0,45,1.32,1.19,1.11,1.13,5.68,11.6,0.508,0.527,0.00187,0.00381,  4480,98.5,1.55,0,0,0,47,1.59,1.51,1.06,1.13,4.34,10.5,0.587,0.371,0.00118,0.00287,  2360,93.7,6.28,0,0,0,49,1.29,1.31,0.988,1.12,4.37,12,0.636,0.345,0.00147,0.00405,  2760,88,11,0.633,0.358,0,48,1.48,1.42,1.04,1.13,4.4,11.7,0.623,0.542,0.00129,0.00342,  4160,92.1,7.6,0.244,0.034,0,44,1.29,1.25,1.03,1.12,4.52,12.5,0.637,0.348,0.00153,0.00422,  2280,91.2,8.64,0.173,0.024,0,49,1.32,1.28,1.03,1.13,4.36,11.9,0.634,0.361,0.00143,0.00391,  2560,91.8,8.05,0.171,0.00874,0,51,
2021-07-19,18:13:55.775,1.32,1.3,1.02,1.13,42.3,116,0.635,0.41,0.00139,0.00382,3.63,1.92,100,3.04e+04,2.34e+04,2.3e+03,1.3,32.5,1.32,33.1,90.5,9.17,0.261,0.0622,0,100,0,0,0,0,67.2,16.5,84.5,1.32,1.3,1.02,1.13,42.3,116,0.635,0.41,0.00139,0.00382, 25600,3.63,1.92,100,45,90.5,9.17,0.261,0.0622,0,100,0,0,0,0,67.2,16.5 ,84.5 ,1.22,1.26,0.971,1.12,4.03,11.6,0.653,0.342,0.00143,0.00413,  2000,86.4,12.8,0.434,0.34,0,48,1.27,1.31,0.972,1.12,4.3,11.4,0.623,0.353,0.00147,0.0039,  2600,87,12.8,0.107,0.0927,0,51,1.43,1.4,1.02,1.13,3.92,10.4,0.625,0.396,0.00119,0.00316,  1760,90.6,8.94,0.431,0.0119,0,50,1.4,1.37,1.02,1.12,3.95,11.2,0.648,0.366,0.00123,0.0035,  2120,90.9,8.82,0.288,0.0158,0,45,1.31,1.18,1.11,1.13,5.43,11.7,0.535,0.523,0.0018,0.00387,  2960,98,2.03,0,0,0,47,1.36,1.29,1.05,1.13,4.49,12.5,0.64,0.352,0.00144,0.004,  3880,93.5,6.46,0.0255,0,0,51,1.22,1.23,0.989,1.12,4.02,11.8,0.659,0.354,0.00144,0.00421,  5160,87.9,11.6,0.456,0,0,47,1.26,1.23,1.02,1.12,4.19,12.5,0.665,0.356,0.00144,0.00431,  2600,90.9,8.74,0.258,0.0614,0,45,1.5,1.44,1.04,1.13,3.84,11.1,0.654,0.591,0.00111,0.00322,  1520,92.5,7.12,0.373,0.0482,0,49,1.25,1.28,0.981,1.12,4.17,11.8,0.648,0.339,0.00145,0.00411,  1000,87.3,12.4,0.238,0.0523,0,52,
2021-07-19,18:13:56.775,1.32,1.3,1.02,1.12,42,116,0.637,0.416,0.00138,0.00381,3.64,1.92,100,3.04e+04,2.34e+04,2.3e+03,1.3,32.5,1.32,33.1,90.7,8.99,0.253,0.0997,0,100,0,0,0,0,67.2,16.5,84.6,1.32,1.3,1.02,1.12,42,116,0.637,0.416,0.00138,0.00381, 25720,3.64,1.92,100,45,90.7,8.99,0.253,0.0997,0,100,0,0,0,0,67.2,16.5 ,84.6 ,1.44,1.39,1.04,1.13,4.2,11.3,0.629,0.369,0.00126,0.00341,  1520,91.7,8.04,0.294,0,0,47,1.27,1.29,0.981,1.12,4.03,11.5,0.65,0.364,0.00138,0.00395,  2200,87.9,11.6,0.4,0.0907,0,50,1.26,1.22,1.03,1.13,4.24,12.3,0.655,0.344,0.00147,0.00425,   960,91.5,8.15,0.14,0.194,0,50,1.29,1.3,0.998,1.12,4.34,12,0.638,0.346,0.00146,0.00403,  1560,89.2,10.3,0.509,0.076,0,45,1.29,1.16,1.11,1.13,5.51,11.7,0.529,0.529,0.00185,0.00394,  5440,98.6,1.38,0,0,0,47,1.21,1.21,1.01,1.12,4.01,11.9,0.663,0.355,0.00144,0.00427,  2600,89.5,10.4,0.0252,0.0442,0,50,1.76,1.67,1.06,1.12,3.78,9.58,0.605,0.635,0.000934,0.00236,  2720,94,5.36,0.294,0.31,0,48,1.18,1.24,0.952,1.11,3.71,11.6,0.68,0.36,0.00137,0.00429,  3320,85.6,14,0.29,0.0811,0,45,1.29,1.3,0.996,1.12,4.03,11.6,0.654,0.371,0.00135,0.00391,  2920,89.2,10.2,0.414,0.199,0,49,1.23,1.22,1.01,1.13,4.15,12.2,0.66,0.353,0.00147,0.00432,  2480,89.3,10.6,0.162,0.000815,0,51,
2021-07-19,18:13:57.774,1.34,1.31,1.02,1.12,41.9,115,0.635,0.411,0.00136,0.00372,3.58,1.94,100,3.08e+04,2.35e+04,2.3e+03,1.31,32.9,1.34,33.5,90.8,8.86,0.32,0.0641,0,100,0,0,0,0,67.3,16.5,84.6,1.34,1.31,1.02,1.12,41.9,115,0.635,0.411,0.00136,0.00372, 25000,3.58,1.94,100,45,90.8,8.86,0.32,0.0641,0,100,0,0,0,0,67.3,16.5 ,84.6 ,1.46,1.39,1.05,1.13,4.26,11.5,0.63,0.349,0.00127,0.00344,  3200,93,6.66,0.332,0.0517,0,47,1.38,1.35,1.02,1.12,3.84,11.3,0.659,0.378,0.00121,0.00356,  2600,90.5,8.67,0.866,0,0,50,1.4,1.37,1.02,1.12,3.91,11,0.643,0.368,0.00122,0.00341,  2960,90.6,8.74,0.536,0.146,0,49,1.22,1.28,0.949,1.11,3.84,11.3,0.66,0.352,0.00137,0.00403,  1480,85.4,13.9,0.559,0.108,0,45,1.34,1.2,1.11,1.13,5.55,11.5,0.517,0.529,0.0018,0.00372,  3640,98.5,1.52,0,0,0,48,1.19,1.2,0.99,1.13,4.05,12.1,0.666,0.35,0.00149,0.00445,  3080,87.9,12,0.0324,0,0,50,1.16,1.2,0.968,1.12,3.86,12,0.679,0.36,0.00144,0.00449,  1360,86.8,12.7,0.357,0.179,0,49,1.26,1.27,0.992,1.12,3.78,11.3,0.665,0.351,0.00131,0.00392,  1440,88.4,11.5,0.105,0.024,0,46,1.58,1.48,1.07,1.13,4.47,11.5,0.613,0.578,0.00123,0.00319,  2360,94.2,5.67,0.107,0.00929,0,50,1.44,1.38,1.04,1.13,4.37,11.3,0.613,0.366,0.00132,0.00342,  2880,92.4,7.16,0.302,0.123,0,52,
2021-07-19,18:13:58.776,1.34,1.31,1.03,1.13,44.4,117,0.62,0.416,0.00144,0.00378,3.79,2.01,100,3.09e+04,2.36e+04,2.3e+03,1.31,32.7,1.34,33.6,91.2,8.4,0.304,0.0628,0,100,0,0,0,0,67.6,16.6,84.7,1.34,1.31,1.03,1.13,44.4,117,0.62,0.416,0.00144,0.00378, 25600,3.79,2.01,100,45,91.2,8.4,0.304,0.0628,0,100,0,0,0,0,67.6,16.6 ,84.7 ,1.26,1.25,1,1.12,4.49,12.2,0.632,0.34,0.00155,0.00421,  5960,89.5,9.21,1.02,0.308,0,49,1.17,1.19,0.984,1.12,4.24,11.9,0.643,0.35,0.00157,0.0044,  2040,87.6,12,0.305,0.0698,0,50,1.36,1.31,1.03,1.12,4.28,11.6,0.632,0.381,0.00137,0.00373,  1560,92,7.73,0.291,0.0111,0,48,1.32,1.31,1.01,1.12,4.42,12,0.632,0.372,0.00145,0.00394,  1360,89.9,9.98,0.158,0,0,47,1.3,1.17,1.11,1.13,5.65,11.6,0.515,0.532,0.00189,0.0039,  3680,98.2,1.79,0,0,0,48,1.27,1.26,1,1.12,3.96,11.9,0.669,0.363,0.00135,0.00409,  1840,89.3,10.6,0.0548,0.03,0,51,1.33,1.32,1,1.13,3.93,11.3,0.653,0.361,0.00129,0.00371,  3040,88.7,10.5,0.645,0.0637,0,47,1.22,1.25,0.975,1.12,4.11,12,0.658,0.346,0.00147,0.00429,  1480,86.7,12.9,0.395,0.055,0,45,1.35,1.3,1.04,1.13,4.6,12.2,0.624,0.348,0.00148,0.00394,  1960,92.2,7.52,0.174,0.0902,0,50,1.87,1.68,1.11,1.13,4.75,10.1,0.53,0.628,0.00111,0.00235,  2680,98.3,1.72,0,0,0,50,
2021-07-19,18:13:59.775,1.31,1.3,1.01,1.12,40.8,115,0.645,0.401,0.00135,0.00381,3.48,1.85,100,3.01e+04,2.32e+04,2.3e+03,1.3,32.5,1.31,32.7,89.6,10.1,0.257,0.0409,0,100,0,0,0,0,66.9,16.5,84.6,1.31,1.3,1.01,1.12,40.8,115,0.645,0.401,0.00135,0.00381, 25280,3.48,1.85,100,44,89.6,10.1,0.257,0.0409,0,100,0,0,0,0,66.9,16.5 ,84.6 ,1.19,1.19,1,1.12,4.12,12.3,0.666,0.334,0.0015,0.0045,  1800,89.1,10.5,0.265,0.0762,0,48,1.23,1.22,1.01,1.13,3.8,12,0.683,0.363,0.00134,0.00423,  2600,88.9,10.9,0.141,0.0349,0,51,1.18,1.2,0.983,1.12,4.03,12.1,0.668,0.336,0.00149,0.00449,  1680,87.8,11.4,0.689,0.149,0,49,1.45,1.43,1.01,1.12,4.19,11.2,0.627,0.355,0.00126,0.00337,  2440,90.2,9.36,0.476,0.00542,0,45,1.36,1.22,1.12,1.13,5.66,11.7,0.518,0.509,0.0018,0.00374,  2920,98.7,1.32,0,0,0,48,1.23,1.25,0.985,1.12,3.9,11.8,0.668,0.347,0.00137,0.00414,  2200,87.8,12.2,0.0206,0,0,50,1.82,1.68,1.08,1.13,3.74,9.59,0.61,0.61,0.000894,0.00229,  3840,95.8,3.98,0.137,0.0617,0,48,1.25,1.29,0.967,1.12,3.9,11.3,0.654,0.345,0.00136,0.00392,  1920,86.2,13.6,0.296,0,0,44,1.2,1.26,0.952,1.12,3.79,11.3,0.665,0.345,0.00138,0.00411,  2560,85.2,14.4,0.304,0.034,0,49,1.19,1.23,0.964,1.12,3.66,11.4,0.678,0.356,0.00134,0.00417,  3320,86,13.7,0.244,0.0473,0,52,
2021-07-19,18:14:00.777,1.33,1.31,1.01,1.12,41.1,114,0.64,0.416,0.00135,0.00375,3.54,1.91,100,3.05e+04,2.32e+04,2.3e+03,1.31,32.9,1.33,33.1,90,9.42,0.525,0.0596,0,100,0,0,0,0,67,16.5,84.6,1.33,1.31,1.01,1.12,41.1,114,0.64,0.416,0.00135,0.00375, 26360,3.54,1.91,100,45,90,9.42,0.525,0.0596,0,100,0,0,0,0,67,16.5 ,84.6 ,1.34,1.32,1.01,1.12,4.2,11.4,0.631,0.373,0.00136,0.00369,  1240,90.5,8.71,0.665,0.0855,0,49,1.25,1.27,0.985,1.11,4.31,11.7,0.632,0.342,0.0015,0.00406,  5960,88.4,10.7,0.799,0.0471,0,50,1.43,1.38,1.04,1.13,3.95,11.3,0.649,0.382,0.0012,0.00342,  2040,92.2,7.62,0.177,0.0242,0,49,1.24,1.23,1.01,1.13,4.09,12.7,0.678,0.355,0.00143,0.00445,  3920,89.2,10.5,0.283,0,0,45,1.32,1.19,1.11,1.13,5.3,11.4,0.537,0.532,0.00174,0.00377,  3080,97.9,2.06,0,0,0,48,1.72,1.61,1.07,1.13,3.77,9.9,0.619,0.629,0.00095,0.00249,  1520,94.8,5.17,0.0168,0,0,51,1.24,1.29,0.957,1.11,4.02,11.5,0.65,0.353,0.00141,0.00403,  1760,85.9,12.9,1,0.132,0,48,1.22,1.26,0.972,1.12,4.11,11.8,0.653,0.341,0.00146,0.0042,  1960,87,12.4,0.582,0.0354,0,45,1.21,1.26,0.963,1.11,3.73,11.5,0.676,0.354,0.00134,0.00414,  2880,86.6,12.2,0.952,0.223,0,49,1.28,1.32,0.973,1.11,3.63,11.1,0.673,0.352,0.00123,0.00377,  2000,87.3,11.9,0.768,0.048,0,52,
2021-07-19,18:14:01.777,1.33,1.32,1.01,1.12,41.5,114,0.637,0.411,0.00136,0.00374,3.95,1.92,100,3.06e+04,2.33e+04,2.3e+03,1.32,32.9,1.33,33.3,90.1,9.35,0.448,0.0741,0,100,0,0,0,0,67.2,16.6,84.7,1.33,1.32,1.01,1.12,41.5,114,0.637,0.411,0.00136,0.00374, 25960,3.95,1.92,100,45,90.1,9.35,0.448,0.0741,0,100,0,0,0,0,67.2,16.6 ,84.7 ,1.34,1.36,0.981,1.12,3.93,10.9,0.64,0.354,0.00128,0.00355,  3480,87.4,11.6,0.677,0.315,0,48,1.49,1.45,1.03,1.12,3.76,10,0.625,0.465,0.00109,0.00291,  2560,91.6,7.67,0.646,0.0859,0,51,1.19,1.24,0.957,1.12,3.9,11.6,0.664,0.358,0.00143,0.00425,  1640,85.7,13.5,0.658,0.0814,0,49,1.21,1.23,0.985,1.12,4.27,12.5,0.658,0.328,0.00154,0.00449,  1760,87.7,11.4,0.748,0.121,0,46,1.33,1.2,1.11,1.13,5.5,11.5,0.522,0.521,0.00179,0.00375,  4240,98,1.96,0.000955,0,0,47,1.15,1.17,0.985,1.12,3.89,12.2,0.68,0.375,0.00147,0.0046,  2320,88.1,11.8,0.0441,0.00547,0,50,1.15,1.2,0.964,1.11,3.8,11.8,0.679,0.359,0.00143,0.00446,  2440,86.5,13.1,0.346,0.0132,0,48,1.73,1.58,1.1,1.13,4.66,11.1,0.58,0.557,0.00117,0.00279,  3080,97,2.94,0.0977,0,0,45,1.42,1.4,1.01,1.12,3.95,11.5,0.656,0.343,0.00121,0.00353,  2280,90.2,8.91,0.831,0.0658,0,49,1.3,1.3,1,1.12,3.87,11.3,0.659,0.356,0.00129,0.0038,  2160,89,10.5,0.435,0.0526,0,51,
2021-07-19,18:14:02.776,1.3,1.3,1,1.12,42.3,114,0.629,0.414,0.00142,0.00382,3.58,1.94,100,2.98e+04,2.3e+04,2.3e+03,1.3,32.4,1.3,32.4,89,10.2,0.461,0.348,0,100,0,0,0,0,66.7,16.5,84.6,1.3,1.3,1,1.12,42.3,114,0.629,0.414,0.00142,0.00382, 25320,3.58,1.94,100,45,89,10.2,0.461,0.348,0,100,0,0,0,0,66.7,16.5 ,84.6 ,1.28,1.3,0.985,1.13,4.11,11.4,0.638,0.35,0.0014,0.00386,  3120,87.4,11,0.645,0.923,0,48,1.18,1.24,0.951,1.11,4.07,11.7,0.652,0.343,0.0015,0.00432,  1120,85.3,13.7,0.828,0.203,0,51,1.16,1.2,0.97,1.12,4.44,12.1,0.632,0.347,0.00166,0.00452,  1160,86.2,12.6,0.778,0.397,0,51,1.21,1.27,0.951,1.12,3.91,11.3,0.655,0.377,0.00141,0.00409,  1920,85.2,14,0.747,0.0564,0,46,1.32,1.19,1.11,1.13,5.58,11.3,0.506,0.54,0.00184,0.00372,  6120,98.3,1.7,0,0,0,48,1.22,1.26,0.973,1.12,3.99,11.3,0.649,0.369,0.00142,0.00403,  1240,86.7,13.2,0.0931,0.0018,0,50,1.22,1.26,0.974,1.12,4.13,11.9,0.654,0.352,0.00147,0.00425,   760,86.7,11.9,0.934,0.489,0,48,1.29,1.28,1.01,1.12,4.15,11.8,0.649,0.364,0.0014,0.004,  1680,89.6,9.28,0.366,0.747,0,47,1.5,1.47,1.02,1.13,3.97,10.1,0.609,0.371,0.00115,0.00293,  1080,90.6,8.69,0.0931,0.664,0,50,1.6,1.51,1.06,1.13,3.96,10.9,0.636,0.593,0.00108,0.00296,  7120,94.3,5.57,0.121,0,0,52,
2021-07-19,18:14:03.776,1.23,1.32,0.929,1.1,37.4,104,0.638,0.423,0.00132,0.00366,3.23,1.75,100,2.83e+04,2.14e+04,2.3e+03,1.32,33.1,1.23,30.7,84.4,13.3,0.794,1.55,0,100,0,0,0,0,63.9,16.3,84.5,1.23,1.32,0.929,1.1,37.4,104,0.638,0.423,0.00132,0.00366, 24240,3.23,1.75,100,45,84.4,13.3,0.794,1.55,0,100,0,0,0,0,63.9,16.3 ,84.5 ,1.25,1.38,0.903,1.1,3.23,9.63,0.664,0.36,0.00113,0.00336,  1640,82.5,13.4,1.12,3.01,0,47,1.18,1.29,0.919,1.1,3.55,10.3,0.656,0.373,0.00131,0.00379,  2640,83.6,14.7,1.41,0.208,0,51,1.23,1.35,0.912,1.1,3.73,10.2,0.634,0.351,0.00131,0.00359,  2760,83.2,12.4,1.31,3.1,0,48,1.06,1.23,0.858,1.09,3.54,10.6,0.667,0.354,0.00145,0.00436,  2800,78.7,16.4,1.31,3.58,0,45,1.27,1.18,1.07,1.13,4.97,11,0.55,0.547,0.00171,0.00379,  4520,94.9,5.12,0,0,0,48,1.11,1.21,0.915,1.1,3.68,10.9,0.663,0.376,0.00144,0.00428,  2400,83.4,16.5,0.0404,0,0,51,1.59,1.62,0.98,1.11,3.82,9.47,0.597,0.624,0.00105,0.00259,  1480,88.6,8.63,0.252,2.57,0,47,1.05,1.22,0.86,1.09,3.44,10.4,0.67,0.347,0.00142,0.00431,  1600,78.8,18.9,1.19,1.11,0,45,1.3,1.39,0.934,1.09,3.74,10.5,0.644,0.362,0.00125,0.00351,  2600,85.4,13.1,0.239,1.23,0,50,1.26,1.35,0.935,1.11,3.76,10.5,0.64,0.356,0.0013,0.00361,  1800,84.4,13.8,1.06,0.656,0,51,
2021-07-19,18:14:04.776,1.33,1.32,1.01,1.12,40.5,113,0.643,0.417,0.00132,0.0037,3.48,1.88,100,3.07e+04,2.33e+04,2.3e+03,1.32,32.9,1.33,33.3,90.1,9.45,0.412,0.0707,0,100,0,0,0,0,67.1,16.5,84.6,1.33,1.32,1.01,1.12,40.5,113,0.643,0.417,0.00132,0.0037, 25240,3.48,1.88,100,44,90.1,9.45,0.412,0.0707,0,100,0,0,0,0,67.1,16.5 ,84.6 ,1.21,1.21,1,1.13,4.02,11.9,0.663,0.353,0.00144,0.00427,  2360,88.9,10.6,0.485,0.0675,0,47,1.33,1.35,0.985,1.12,3.96,11,0.639,0.364,0.00129,0.00358,  2200,87.7,12.1,0.183,0,0,51,1.37,1.38,0.993,1.12,3.61,10.4,0.653,0.375,0.00114,0.00329,  1840,88.9,10.2,0.552,0.274,0,49,1.22,1.26,0.972,1.12,4.26,12,0.644,0.33,0.00151,0.00426,  2640,86.6,12.8,0.618,0.00084,0,44,1.29,1.16,1.11,1.13,5.64,12.2,0.537,0.512,0.00189,0.0041,  3720,98.4,1.63,0,0,0,47,1.31,1.28,1.02,1.13,3.63,11.7,0.689,0.363,0.00121,0.00389,  3320,90.6,9.38,0,0.031,0,50,1.25,1.26,0.998,1.12,4,12.1,0.669,0.366,0.00139,0.0042,  2480,89,10.4,0.541,0.0444,0,47,1.25,1.27,0.985,1.12,3.66,11.2,0.674,0.371,0.00127,0.0039,  1680,87.6,11.3,0.916,0.196,0,44,1.68,1.6,1.05,1.12,3.91,10.1,0.614,0.623,0.00101,0.00261,  1520,93.3,6.32,0.333,0.0415,0,49,1.4,1.38,1.01,1.13,3.81,10.8,0.646,0.375,0.00118,0.00335,  3480,89.8,9.69,0.489,0.0517,0,51,
2021-07-19,18:14:05.776,1.33,1.31,1.02,1.12,41.6,115,0.637,0.413,0.00135,0.00374,3.54,1.93,100,3.07e+04,2.34e+04,2.3e+03,1.31,32.8,1.33,33.3,90.5,9.16,0.264,0.0619,0,100,0,0,0,0,67.3,16.5,84.6,1.33,1.31,1.02,1.12,41.6,115,0.637,0.413,0.00135,0.00374, 26200,3.54,1.93,100,43,90.5,9.16,0.264,0.0619,0,100,0,0,0,0,67.3,16.5 ,84.6 ,1.55,1.5,1.03,1.12,4.3,10.7,0.6,0.522,0.0012,0.00301,  1920,92,7.82,0.205,0,0,47,1.28,1.3,0.988,1.12,3.88,11.4,0.66,0.35,0.00132,0.00387,  2160,88.1,11.6,0.218,0.0667,0,50,1.17,1.18,0.991,1.12,4.21,12.5,0.662,0.345,0.00156,0.00462,  2200,88.5,10.8,0.662,0,0,51,1.27,1.28,0.989,1.12,3.85,11.7,0.671,0.399,0.00132,0.00402,  2120,88.5,11.2,0.303,0.0388,0,43,1.32,1.2,1.1,1.13,5.24,11.5,0.544,0.532,0.00173,0.00379,  2640,97.6,2.38,0,0,0,48,1.25,1.26,0.991,1.12,3.55,11.7,0.697,0.371,0.00123,0.00407,  1400,88.8,11.1,0.00669,0.131,0,50,1.21,1.24,0.973,1.12,3.87,11.4,0.66,0.362,0.00139,0.00408,  4320,87,12.4,0.423,0.16,0,47,1.35,1.32,1.03,1.13,4.2,11.6,0.638,0.387,0.00135,0.00374,   800,91.1,8.67,0.2,0.0486,0,44,1.45,1.39,1.04,1.13,4.14,11.4,0.638,0.427,0.00124,0.00343,  6240,92.2,7.33,0.378,0.143,0,49,1.48,1.45,1.02,1.12,4.32,10.7,0.595,0.368,0.00126,0.00312,  2400,91.4,8.38,0.239,0.0304,0,52,
2021-07-19,18:14:06.776,1.09,0.99,1.1,1.13,108,156,0.308,0.258,0.00432,0.00624,7.61,1.69,100,2.51e+04,2.53e+04,2.3e+03,0.99,24.7,1.09,27.2,97.6,2.33,0.0689,0.0265,0,100,0,0,0,0,64.9,18.1,85.6,1.09,0.99,1.1,1.13,108,156,0.308,0.258,0.00432,0.00624, 26000,7.61,1.69,100,44,97.6,2.33,0.0689,0.0265,0,100,0,0,0,0,64.9,18.1 ,85.6 ,1.07,0.977,1.1,1.13,10.9,15.6,0.304,0.224,0.00441,0.00633,  2200,97.6,2.38,0,0,0,48,0.87,0.787,1.1,1.13,13.9,17.4,0.202,0.127,0.00694,0.0087,  3120,97.8,2.09,0.0643,0,0,50,1.36,1.28,1.07,1.12,6.93,13.4,0.483,0.475,0.00221,0.00427,  3600,95,4.88,0.0448,0.093,0,50,1.05,0.944,1.12,1.13,12.3,16.4,0.25,0.212,0.00509,0.00678,  2000,98.7,1.24,0.00343,0.0393,0,44,1.25,1.11,1.12,1.13,7.73,13.5,0.428,0.469,0.00269,0.00471,  2200,99.2,0.803,0,0,0,47,1.17,1.05,1.11,1.13,10.9,15.5,0.295,0.208,0.00404,0.00574,  2160,98.5,1.49,0,0,0,49,1.03,0.938,1.09,1.13,11.3,16.3,0.306,0.193,0.00479,0.0069,  2680,97,2.79,0.24,0.0163,0,48,1.12,1.04,1.08,1.13,9.24,15.4,0.398,0.238,0.00357,0.00594,  2480,95.7,4.1,0.0746,0.116,0,45,1.1,0.983,1.12,1.13,12.8,16.4,0.222,0.157,0.00503,0.00647,  3160,99.3,0.737,0,0,0,49,0.863,0.789,1.09,1.13,12.4,16.6,0.252,0.151,0.00625,0.00835,  2400,96.9,2.8,0.262,0,0,52,
2021-07-19,18:14:07.776,0.968,0.857,1.13,1.13,134,176,0.235,0.186,0.00603,0.00789,9.18,1.49,100,2.23e+04,2.6e+04,2.3e+03,0.857,21.4,0.968,24.2,99.9,0.0815,0,0,0,100,0,0,0,0,63.6,18.5,85.8,0.968,0.857,1.13,1.13,134,176,0.235,0.186,0.00603,0.00789, 27120,9.18,1.49,100,43,99.9,0.0815,0,0,0,100,0,0,0,0,63.6,18.5 ,85.8 ,1.29,1.14,1.13,1.13,9.45,15.5,0.392,0.269,0.00319,0.00524,  1960,100,0,0,0,0,47,0.74,0.654,1.13,1.13,16.5,19.6,0.157,0.0617,0.00969,0.0115,  2960,100,0,0,0,0,50,0.841,0.744,1.13,1.13,15.6,18.5,0.161,0.134,0.00805,0.00959,  2440,100,0.00316,0,0,0,50,1.59,1.41,1.13,1.13,9.4,12.6,0.252,0.34,0.00257,0.00343,  2320,100,0,0,0,0,44,1.05,0.938,1.12,1.13,8.35,14.9,0.438,0.462,0.00345,0.00614,  2480,99.2,0.782,0,0,0,48,0.892,0.789,1.13,1.13,12.8,18.4,0.305,0.178,0.00623,0.00897,  2520,100,0.00301,0,0,0,50,0.819,0.725,1.13,1.13,15.6,19.4,0.195,0.0925,0.0083,0.0103,  3240,100,0,0,0,0,48,0.92,0.814,1.13,1.13,14.5,18.4,0.211,0.108,0.00687,0.00871,  3320,100,0.00765,0,0,0,45,0.769,0.68,1.13,1.13,16.4,19.5,0.162,0.061,0.00926,0.0111,  3040,100,0,0,0,0,49,0.764,0.676,1.13,1.13,15.7,18.8,0.164,0.0779,0.00895,0.0107,  2840,100,0.0198,0,0,0,52,
2021-07-19,18:14:08.776,1.01,0.902,1.12,1.13,125,168,0.256,0.207,0.0054,0.00726,8.65,1.65,100,2.32e+04,2.57e+04,2.3e+03,0.902,22.6,1.01,25.2,99,0.89,0.0262,0.0394,0,100,0,0,0,0,64.3,18.4,85.7,1.01,0.902,1.12,1.13,125,168,0.256,0.207,0.0054,0.00726, 25680,8.65,1.65,100,44,99,0.89,0.0262,0.0394,0,100,0,0,0,0,64.3,18.4 ,85.7 ,1.03,0.91,1.13,1.13,12.8,17.2,0.259,0.194,0.0054,0.00729,  3400,100,0.00264,0,0,0,48,0.914,0.808,1.13,1.13,14.6,18.6,0.211,0.128,0.00697,0.00883,  3120,100,0,0,0,0,50,0.812,0.73,1.11,1.13,15.4,18.3,0.155,0.0927,0.00826,0.00977,   680,98.6,1.31,0,0.0733,0,51,0.813,0.728,1.12,1.13,15.4,18.5,0.169,0.0875,0.00825,0.00992,  2840,99,0.824,0.128,0,0,45,1.12,1,1.11,1.13,8.41,13.9,0.394,0.475,0.00328,0.0054,  2840,98.5,1.46,0,0,0,47,1.24,1.13,1.1,1.13,8.23,15.1,0.454,0.311,0.00289,0.00528,   840,97.1,2.88,0,0,0,49,1.13,1.03,1.1,1.13,10.4,16.2,0.359,0.226,0.00399,0.00623,  3000,97.5,2.08,0.134,0.321,0,48,1.43,1.27,1.13,1.13,10.1,14.2,0.288,0.287,0.00307,0.00432,  2440,99.7,0.347,0,0,0,45,0.813,0.719,1.13,1.13,15.4,19,0.193,0.0932,0.00821,0.0102,  3080,100,0,0,0,0,50,0.795,0.703,1.13,1.13,14.6,17.5,0.169,0.0963,0.00796,0.00958,  3440,100,0.000337,0,0,0,52,
2021-07-19,18:14:09.778,1.13,1.04,1.09,1.13,97,148,0.346,0.261,0.00373,0.00569,7.01,1.82,100,2.6e+04,2.5e+04,2.3e+03,1.04,26,1.13,28.3,96.5,3.3,0.175,0.0299,0,100,0,0,0,0,65.4,17.9,85.7,1.13,1.04,1.09,1.13,97,148,0.346,0.261,0.00373,0.00569, 25280,7.01,1.82,100,45,96.5,3.3,0.175,0.0299,0,100,0,0,0,0,65.4,17.9 ,85.7 ,1.08,1.02,1.06,1.13,9.92,14.9,0.334,0.201,0.00398,0.00598,  2800,94.1,5.74,0.15,0.00117,0,46,1.37,1.26,1.09,1.13,7.15,13.1,0.452,0.318,0.00226,0.00413,  1320,97.1,2.87,0.0112,0.00604,0,50,1.02,0.941,1.08,1.13,10.6,15.7,0.324,0.205,0.00453,0.00669,  4400,96,3.79,0.242,0,0,49,1.04,0.948,1.1,1.13,11.5,16.1,0.287,0.185,0.00479,0.00672,  2320,97.4,2.41,0.217,0.00332,0,45,1.13,1,1.13,1.13,7.92,13.7,0.421,0.507,0.00304,0.00526,  2640,99.5,0.477,0,0,0,47,1.41,1.29,1.09,1.13,6.1,13.6,0.55,0.343,0.00187,0.00416,  2040,96.6,3.43,0,0,0,50,1.23,1.09,1.12,1.13,11,14.8,0.255,0.17,0.00392,0.00526,  3040,99.4,0.64,0,0,0,48,1.01,0.941,1.07,1.12,10.3,15.8,0.344,0.223,0.00446,0.00679,  1680,95.2,4.31,0.428,0.0134,0,45,0.939,0.9,1.04,1.12,11,15.8,0.305,0.18,0.00508,0.00731,  2280,93,6.4,0.421,0.221,0,50,1.08,0.992,1.09,1.13,11.5,14.9,0.229,0.156,0.00461,0.00598,  2760,96.8,2.9,0.284,0.0542,0,51,
2021-07-19,18:14:10.777,1.34,1.32,1.02,1.12,47.1,118,0.599,0.403,0.00152,0.0038,4.01,1.99,100,3.09e+04,2.35e+04,2.3e+03,1.32,32.9,1.34,33.6,91,8.65,0.3,0.0347,0,100,0,0,0,0,67.5,16.7,84.6,1.34,1.32,1.02,1.12,47.1,118,0.599,0.403,0.00152,0.0038, 24640,4.01,1.99,100,43,91,8.65,0.3,0.0347,0,100,0,0,0,0,67.5,16.7 ,84.6 ,1.26,1.3,0.973,1.12,4.27,11.7,0.635,0.37,0.00147,0.00403,   720,86.9,12.6,0.392,0.113,0,46,1.47,1.43,1.03,1.12,4.37,10.9,0.597,0.365,0.00129,0.00321,  3280,91.7,7.98,0.297,0.0518,0,50,1.23,1.2,1.02,1.12,5.07,12.9,0.608,0.364,0.00179,0.00457,  2280,90.7,8.83,0.382,0.0424,0,50,1.4,1.36,1.03,1.12,4.16,11.5,0.639,0.364,0.00129,0.00358,  2360,91.6,8.12,0.241,0,0,43,1.34,1.21,1.11,1.13,5.68,11.6,0.51,0.528,0.00184,0.00375,  4200,98.2,1.81,0,0,0,46,1.22,1.18,1.03,1.13,6.24,13.1,0.525,0.374,0.00223,0.0047,  1560,91.5,8.53,0.00946,0,0,50,1.4,1.37,1.02,1.12,4.57,11.4,0.6,0.385,0.00142,0.00354,  2600,91.3,8.18,0.49,0.0128,0,46,1.3,1.31,0.989,1.12,4.44,11.9,0.628,0.358,0.00149,0.004,  2360,88.2,11.5,0.227,0.0332,0,44,1.31,1.32,0.997,1.12,4.33,11.6,0.627,0.35,0.00143,0.00384,  3080,89.3,9.83,0.827,0.0932,0,48,1.51,1.48,1.02,1.13,3.97,10.9,0.635,0.509,0.00114,0.00313,  2200,90.7,9.14,0.137,0.000909,0,51,
2021-07-19,18:14:11.776,1.34,1.32,1.01,1.12,42.2,116,0.635,0.407,0.00137,0.00377,3.6,1.95,100,3.07e+04,2.33e+04,2.3e+03,1.32,33,1.34,33.4,90.2,9.43,0.31,0.061,0,100,0,0,0,0,67.4,16.6,84.6,1.34,1.32,1.01,1.12,42.2,116,0.635,0.407,0.00137,0.00377, 25600,3.6,1.95,100,43,90.2,9.43,0.31,0.061,0,100,0,0,0,0,67.4,16.6 ,84.6 ,1.48,1.47,1.01,1.12,4.19,10.5,0.602,0.337,0.00123,0.00309,  1880,90,9.16,0.629,0.189,0,46,1.26,1.27,0.99,1.12,4.03,11.7,0.656,0.347,0.00139,0.00404,  2920,88.2,11.3,0.385,0.0934,0,49,1.31,1.31,0.999,1.12,4.03,11.6,0.651,0.367,0.00134,0.00384,  3680,89.3,10.3,0.313,0.101,0,48,1.34,1.31,1.02,1.12,4.13,12.1,0.658,0.352,0.00134,0.00393,  2160,90.5,9.25,0.233,0,0,44,1.33,1.2,1.11,1.13,5.87,12,0.511,0.511,0.00192,0.00393,  3480,98.2,1.76,0,0,0,47,1.08,1.13,0.957,1.12,3.74,12.2,0.694,0.345,0.0015,0.00491,  2280,85.3,14.6,0.0159,0.0279,0,50,1.26,1.27,0.989,1.12,4.16,12.1,0.657,0.362,0.00144,0.0042,  2920,88.6,10.6,0.837,0.00423,0,46,1.73,1.63,1.06,1.13,4.23,10.4,0.591,0.602,0.00107,0.00261,  3160,94.2,5.5,0.228,0.0777,0,43,1.29,1.29,1.01,1.12,3.99,12,0.668,0.361,0.00134,0.00404,  1440,89.7,10.1,0.235,0.00547,0,49,1.28,1.3,0.982,1.12,3.84,11.1,0.655,0.359,0.00131,0.00379,  1680,87.9,11.8,0.228,0.111,0,51,
2021-07-19,18:14:12.786,1.35,1.31,1.03,1.13,45.3,119,0.62,0.411,0.00144,0.00379,3.85,2.02,100,3.15e+04,2.4e+04,2.32e+03,1.31,32.8,1.35,33.9,91.7,7.93,0.297,0.0626,0,100,0,0,0,0,68.6,16.8,84.7,1.35,1.31,1.03,1.13,45.3,119,0.62,0.411,0.00144,0.00379, 25640,3.85,2.02,100,43,91.7,7.93,0.297,0.0626,0,100,0,0,0,0,68.6,16.8 ,84.7 ,1.28,1.3,0.991,1.12,4.18,11.8,0.645,0.363,0.0014,0.00395,   840,88.4,10.9,0.524,0.225,0,46,1.22,1.22,0.999,1.12,4.57,12.5,0.635,0.341,0.00161,0.00442,  3600,89,10.8,0.186,0.0389,0,49,1.59,1.48,1.07,1.13,4.44,11,0.598,0.372,0.0012,0.00298,  2600,95.2,4.79,0.033,0.0154,0,49,1.64,1.52,1.08,1.13,4.08,11.4,0.643,0.605,0.00107,0.003,  1360,95.1,4.67,0.0772,0.122,0,45,1.32,1.18,1.12,1.13,5.95,11.8,0.495,0.522,0.00194,0.00383,  3760,98.8,1.22,0,0,0,47,1.36,1.32,1.03,1.12,4.42,12,0.632,0.351,0.0014,0.0038,  2960,91.5,8.46,0,0.00346,0,49,1.2,1.23,0.978,1.12,4.29,12.1,0.646,0.345,0.00154,0.00434,  2400,87.1,12.2,0.617,0.0738,0,47,1.27,1.27,1.01,1.12,4.5,12.5,0.639,0.355,0.00152,0.00421,  3880,89.5,9.83,0.629,0.0593,0,43,1.36,1.34,1.02,1.12,4.13,11.4,0.637,0.371,0.00131,0.0036,  2840,90.5,8.84,0.646,0.0558,0,49,1.3,1.25,1.04,1.13,4.79,12.8,0.626,0.341,0.00159,0.00424,  1400,92.1,7.63,0.258,0.0332,0,50,
2021-07-19,18:14:13.786,1.33,1.31,1.02,1.12,43.1,117,0.63,0.397,0.00141,0.0038,3.67,1.99,100,3.06e+04,2.34e+04,2.3e+03,1.31,32.7,1.33,33.3,90.6,8.91,0.346,0.117,0,100,0,0,0,0,67.6,16.6,84.7,1.33,1.31,1.02,1.12,43.1,117,0.63,0.397,0.00141,0.0038, 25680,3.67,1.99,100,44,90.6,8.91,0.346,0.117,0,100,0,0,0,0,67.6,16.6 ,84.7 ,1.33,1.33,0.999,1.12,4.04,11.7,0.656,0.358,0.00132,0.00383,  1640,88.8,10.7,0.386,0.125,0,47,1.33,1.32,1.01,1.13,4.05,11.6,0.651,0.362,0.00132,0.00378,   640,90,9.54,0.439,0,0,50,1.23,1.22,1,1.13,3.98,12,0.669,0.373,0.00141,0.00425,  1680,89,10.6,0.275,0.028,0,49,1.55,1.44,1.07,1.13,4.3,11.4,0.622,0.534,0.00121,0.0032,  1440,95,4.75,0.128,0.125,0,45,1.33,1.2,1.11,1.13,5.69,11.7,0.511,0.521,0.00186,0.0038,  7240,98.4,1.61,0,0,0,47,1.3,1.3,0.996,1.13,4.35,11.9,0.633,0.331,0.00146,0.00398,  1680,88.5,11.4,0.101,0,0,51,1.45,1.41,1.02,1.13,4.33,11.3,0.618,0.341,0.0013,0.00341,  6680,90.9,8.03,0.844,0.217,0,46,1.26,1.26,0.996,1.12,4.19,11.9,0.647,0.349,0.00145,0.00411,   920,88.6,10.6,0.502,0.308,0,45,1.16,1.21,0.956,1.11,4.2,12.2,0.655,0.341,0.00158,0.00459,  1600,86.2,13.2,0.325,0.27,0,50,1.4,1.37,1.02,1.12,3.97,11,0.638,0.363,0.00123,0.00341,  2160,90.8,8.63,0.456,0.101,0,51,
2021-07-19,18:14:14.790,1.2,1.32,0.912,1.1,37.3,102,0.636,0.421,0.00135,0.0037,3.23,1.71,100,2.77e+04,2.1e+04,2.3e+03,1.32,32.9,1.2,30,82.8,13.2,0.695,3.37,0,100,0,0,0,0,63.4,16.3,84.6,1.2,1.32,0.912,1.1,37.3,102,0.636,0.421,0.00135,0.0037, 26360,3.23,1.71,100,43,82.8,13.2,0.695,3.37,0,100,0,0,0,0,63.4,16.3 ,84.6 ,1.55,1.61,0.966,1.1,3.64,8.94,0.593,0.643,0.00102,0.0025,  1440,87.5,8.03,0.439,3.99,0,46,1.37,1.42,0.961,1.1,3.77,10.2,0.63,0.362,0.0012,0.00324,   840,87.1,10.8,0.633,1.39,0,50,1.16,1.35,0.859,1.09,3.18,9.32,0.658,0.374,0.0012,0.0035,  3360,78.5,14.5,0.85,6.15,0,47,1.2,1.32,0.911,1.1,3.85,10.4,0.629,0.353,0.00139,0.00376,  2200,83.1,11.7,1.55,3.65,0,44,1.23,1.15,1.07,1.13,5.04,11.3,0.552,0.53,0.00178,0.00397,  4200,94.6,5.38,0,0.0264,0,47,1.13,1.24,0.911,1.1,3.61,10.8,0.666,0.366,0.00139,0.00415,  2240,82.8,17.2,0.00527,0,0,50,1.27,1.38,0.916,1.1,3.81,10.5,0.636,0.351,0.00131,0.00359,  2040,83,12.2,0.989,3.81,0,47,1.11,1.28,0.869,1.1,3.5,10.5,0.665,0.34,0.00136,0.00407,  3520,78.8,17.5,0.688,3,0,43,1.03,1.23,0.833,1.08,3.46,10.2,0.661,0.358,0.00146,0.00431,  3080,76.8,16.9,0.793,5.5,0,49,0.968,1.18,0.822,1.09,3.44,10.4,0.671,0.347,0.00154,0.00469,  3440,75.5,17.3,1.01,6.14,0,51,
2021-07-19,18:14:15.787,1.32,1.3,1.02,1.12,41.8,116,0.639,0.402,0.00138,0.0038,3.58,1.92,100,3.04e+04,2.34e+04,2.3e+03,1.3,32.5,1.32,33,90.4,9.06,0.396,0.112,0,100,0,0,0,0,67.4,16.5,84.5,1.32,1.3,1.02,1.12,41.8,116,0.639,0.402,0.00138,0.0038, 25240,3.58,1.92,100,45,90.4,9.06,0.396,0.112,0,100,0,0,0,0,67.4,16.5 ,84.5 ,1.31,1.29,1.01,1.12,4.17,12,0.653,0.341,0.00139,0.004,  2880,90,9.36,0.492,0.191,0,46,1.56,1.51,1.04,1.13,3.96,10.6,0.628,0.557,0.0011,0.00296,  2040,92,7.68,0.326,0,0,50,1.21,1.26,0.956,1.12,3.7,10.9,0.66,0.371,0.00133,0.00393,  3360,85.7,13.2,0.974,0.129,0,48,1.42,1.41,1,1.12,3.95,10.7,0.632,0.361,0.00121,0.0033,  2440,89.3,10.2,0.536,0,0,45,1.33,1.2,1.11,1.13,5.32,11.5,0.537,0.531,0.00174,0.00375,  2840,98,1.96,0,0,0,47,1.23,1.24,0.993,1.12,3.87,11.9,0.675,0.368,0.00137,0.00422,  2280,88.6,11.4,0.0202,0,0,49,1.33,1.31,1.02,1.12,4.07,11.5,0.646,0.359,0.00133,0.00375,  2800,90.7,8.74,0.443,0.106,0,46,1.25,1.24,1.01,1.12,3.95,11.8,0.665,0.352,0.00138,0.00412,   920,89.6,9.62,0.628,0.199,0,45,1.24,1.23,1.01,1.12,4.57,12.5,0.635,0.34,0.0016,0.0044,  1800,89.7,9.5,0.258,0.497,0,47,1.33,1.3,1.02,1.13,4.2,12,0.65,0.35,0.00137,0.00392,  3880,90.8,8.94,0.283,0.000816,0,50,
2021-07-19,18:14:16.787,1.35,1.32,1.02,1.12,43.3,116,0.627,0.415,0.0014,0.00374,3.74,1.98,100,3.1e+04,2.35e+04,2.3e+03,1.32,33,1.35,33.7,91,8.69,0.258,0.0887,0,100,0,0,0,0,67.8,16.6,84.6,1.35,1.32,1.02,1.12,43.3,116,0.627,0.415,0.0014,0.00374, 26240,3.74,1.98,100,44,91,8.69,0.258,0.0887,0,100,0,0,0,0,67.8,16.6 ,84.6 ,1.21,1.24,0.979,1.12,3.97,11.7,0.662,0.351,0.00142,0.00421,  1600,87.1,12.3,0.345,0.21,0,45,1.85,1.69,1.09,1.13,3.69,9.09,0.594,0.651,0.000867,0.00214,  2160,96.7,3.05,0.14,0.0864,0,50,1.41,1.34,1.05,1.13,4.78,11.9,0.597,0.344,0.00147,0.00365,  2480,93.7,6.27,0.0439,0.0171,0,47,1.24,1.29,0.965,1.11,4.2,11.7,0.642,0.37,0.00147,0.0041,  2200,86.9,12.8,0.266,0.0289,0,45,1.37,1.23,1.11,1.13,5.85,11.6,0.498,0.52,0.00185,0.00368,  5200,98.6,1.41,0,0,0,47,1.29,1.26,1.02,1.13,4.45,12.8,0.651,0.348,0.0015,0.0043,  1320,90.5,9.45,0,0.00701,0,49,1.13,1.15,0.98,1.12,4.32,12.5,0.653,0.344,0.00166,0.0048,  1000,87.3,12.1,0.547,0.0562,0,48,1.41,1.41,1,1.12,3.57,10.5,0.659,0.386,0.0011,0.00322,  3800,89.5,9.85,0.555,0.0712,0,44,1.24,1.25,0.991,1.12,4.34,12.1,0.642,0.344,0.00152,0.00425,  4200,88.4,10.9,0.332,0.387,0,48,1.33,1.3,1.02,1.13,4.14,12.1,0.659,0.363,0.00136,0.00397,  2280,90.8,8.82,0.353,0.0229,0,50,
2021-07-19,18:14:17.794,1.32,1.31,1,1.12,39.8,114,0.65,0.414,0.00131,0.00375,3.47,1.83,100,3.03e+04,2.31e+04,2.3e+03,1.31,32.8,1.32,32.9,89.6,9.93,0.363,0.124,0,100,0,0,0,0,67.5,16.5,84,1.32,1.31,1,1.12,39.8,114,0.65,0.414,0.00131,0.00375, 24600,3.47,1.83,100,44,89.6,9.93,0.363,0.124,0,100,0,0,0,0,67.5,16.5 ,84 ,1.62,1.56,1.03,1.12,3.6,9.9,0.636,0.628,0.000969,0.00266,  3160,92,7.67,0.284,0.0729,0,45,1.35,1.37,0.985,1.11,3.68,10.6,0.654,0.353,0.00118,0.00341,   440,88.5,10.7,0.588,0.154,0,50,1.16,1.22,0.952,1.12,3.67,11.5,0.681,0.356,0.00138,0.00432,  2360,85.1,14.1,0.627,0.207,0,49,1.3,1.3,1,1.12,3.66,11.5,0.683,0.367,0.00122,0.00385,  3360,89.4,10,0.388,0.205,0,44,1.28,1.15,1.11,1.13,5.32,12,0.559,0.531,0.00181,0.00411,  2080,98,2.02,0,0,0,47,1.27,1.22,1.04,1.13,3.9,12.4,0.684,0.361,0.00134,0.00425,  1760,91.8,8.18,0,0,0,50,1.18,1.25,0.94,1.12,3.91,11.5,0.659,0.333,0.00145,0.00424,  4000,84.2,15,0.48,0.294,0,47,1.33,1.32,1,1.12,3.83,11.5,0.666,0.358,0.00125,0.00376,  1640,89.3,10.2,0.498,0.0493,0,45,1.54,1.47,1.04,1.13,4.22,10.9,0.612,0.354,0.0012,0.00308,  3640,92.4,6.99,0.488,0.136,0,49,1.17,1.23,0.947,1.11,4.05,11.9,0.66,0.335,0.0015,0.00441,  2160,85.2,14.4,0.281,0.118,0,50,
2021-07-19,18:14:18.787,1.35,1.31,1.03,1.13,44.1,117,0.623,0.41,0.00143,0.00379,3.76,2,100,3.09e+04,2.36e+04,2.3e+03,1.31,32.7,1.35,33.6,91.4,8.24,0.347,0.048,0,100,0,0,0,0,67.4,16.5,85.2,1.35,1.31,1.03,1.13,44.1,117,0.623,0.41,0.00143,0.00379, 26360,3.76,2,100,44,91.4,8.24,0.347,0.048,0,100,0,0,0,0,67.4,16.5 ,85.2 ,1.19,1.25,0.95,1.12,3.81,11.2,0.661,0.355,0.0014,0.00412,  2280,84.8,14.8,0.415,0.00383,0,47,1.35,1.32,1.02,1.12,4.41,11.8,0.626,0.352,0.00142,0.0038,  2040,91,8.42,0.531,0.0422,0,49,1.43,1.38,1.04,1.13,4.64,11.3,0.589,0.357,0.00142,0.00345,  3040,91.9,7.73,0.28,0.0768,0,48,1.4,1.33,1.05,1.13,4.29,11.6,0.63,0.364,0.00133,0.0036,  2840,93.1,6.53,0.34,0,0,44,1.35,1.21,1.12,1.13,5.59,11.3,0.506,0.538,0.0018,0.00364,  3120,98.9,1.15,0,0,0,46,1.31,1.26,1.04,1.13,4.49,12.7,0.647,0.348,0.00149,0.00424,  2000,92,7.91,0.112,0,0,50,1.16,1.21,0.958,1.12,3.85,11.8,0.674,0.349,0.00144,0.00443,  2640,85.5,13.6,0.713,0.167,0,46,1.59,1.48,1.07,1.12,3.94,11.4,0.655,0.604,0.00108,0.00312,  2920,95.4,4.16,0.336,0.113,0,44,1.36,1.34,1.01,1.12,4.27,11.4,0.625,0.35,0.00137,0.00365,  1960,90.2,9.31,0.419,0.0673,0,47,1.33,1.3,1.02,1.13,4.83,12.5,0.614,0.323,0.00159,0.00413,  3520,90.8,8.85,0.321,0.0105,0,49,
2021-07-19,18:14:19.787,1.32,1.29,1.02,1.12,42.4,117,0.637,0.413,0.0014,0.00385,3.64,1.91,100,3.03e+04,2.34e+04,2.3e+03,1.29,32.3,1.32,32.9,90.6,9.07,0.297,0.0546,0,100,0,0,0,0,67.5,16.6,84.6,1.32,1.29,1.02,1.12,42.4,117,0.637,0.413,0.0014,0.00385, 24880,3.64,1.91,100,43,90.6,9.07,0.297,0.0546,0,100,0,0,0,0,67.5,16.6 ,84.6 ,1.57,1.54,1.02,1.12,3.52,9.56,0.631,0.549,0.000975,0.00264,  2560,90.7,8.33,0.778,0.164,0,46,1.24,1.26,0.983,1.12,3.89,11.9,0.672,0.36,0.00136,0.00415,  1400,87.5,12,0.506,0.00338,0,49,1.31,1.27,1.03,1.13,4.07,11.6,0.65,0.365,0.00135,0.00387,  4040,91,8.97,0.0702,0.00793,0,49,1.53,1.47,1.04,1.12,4.49,11.4,0.607,0.424,0.00127,0.00323,  3040,92.6,6.99,0.228,0.16,0,43,1.24,1.13,1.1,1.13,5.39,11.7,0.54,0.535,0.00189,0.0041,  2520,97.3,2.69,0,0,0,47,1.26,1.26,0.999,1.13,4.17,12.1,0.654,0.335,0.00145,0.00417,  1560,88.7,11.3,0,0,0,48,1.2,1.23,0.977,1.12,4.24,12.1,0.65,0.339,0.00154,0.0044,  3320,87.4,12,0.482,0.08,0,47,1.15,1.17,0.982,1.12,4.13,12.7,0.674,0.353,0.00157,0.00481,  1840,87.7,12,0.227,0,0,44,1.31,1.28,1.02,1.12,4.2,11.5,0.635,0.375,0.0014,0.00383,  2040,91.2,8.26,0.387,0.124,0,48,1.36,1.32,1.03,1.13,4.29,12.1,0.645,0.429,0.00137,0.00385,  2560,91.6,8.14,0.295,0.00765,0,50,
2021-07-19,18:14:20.787,1.3,1.3,0.997,1.12,40.8,113,0.641,0.397,0.00136,0.00379,3.5,1.88,100,2.99e+04,2.29e+04,2.3e+03,1.3,32.6,1.3,32.5,89,10.5,0.418,0.0963,0,100,0,0,0,0,66.9,16.5,84.6,1.3,1.3,0.997,1.12,40.8,113,0.641,0.397,0.00136,0.00379, 25440,3.5,1.88,100,44,89,10.5,0.418,0.0963,0,100,0,0,0,0,66.9,16.5 ,84.6 ,1.28,1.34,0.958,1.11,3.79,10.4,0.636,0.36,0.00128,0.00352,  2000,86.4,12.8,0.638,0.183,0,45,1.29,1.33,0.969,1.11,3.83,10.9,0.648,0.346,0.00129,0.00367,  1640,87.1,12.3,0.379,0.203,0,50,1.23,1.26,0.972,1.11,3.92,11.4,0.656,0.355,0.00139,0.00404,  2720,87.5,11.5,0.905,0.127,0,49,1.31,1.36,0.968,1.12,3.39,10.5,0.676,0.365,0.00112,0.00347,  1680,86.1,13.5,0.335,0.072,0,44,1.29,1.16,1.11,1.13,5.6,12,0.532,0.519,0.00188,0.00403,  3200,98.3,1.71,0.00535,0,0,45,1.44,1.39,1.04,1.13,4.15,11.8,0.649,0.533,0.00125,0.00355,  2520,91.9,8.05,0.0436,0,0,49,1.26,1.28,0.982,1.12,4.24,11.9,0.645,0.335,0.00147,0.00413,  2600,87.9,11.5,0.476,0.147,0,47,1.2,1.23,0.975,1.13,4.02,12.3,0.672,0.331,0.00145,0.00443,  2120,86.5,13.1,0.317,0.0828,0,45,1.31,1.35,0.967,1.12,3.79,10.8,0.649,0.342,0.00126,0.00359,  2280,86.4,13.1,0.428,0.0823,0,48,1.38,1.34,1.03,1.12,4.04,11.5,0.649,0.37,0.00127,0.00363,  4680,91.6,7.71,0.657,0.0662,0,49,
2021-07-19,18:14:21.788,1.22,1.27,0.959,1.11,37.2,109,0.66,0.412,0.00132,0.00389,3.24,1.72,100,2.81e+04,2.21e+04,2.3e+03,1.27,31.8,1.22,30.5,86.4,12.9,0.529,0.123,0,100,0,0,0,0,65.4,16.3,84.6,1.22,1.27,0.959,1.11,37.2,109,0.66,0.412,0.00132,0.00389, 25200,3.24,1.72,100,43,86.4,12.9,0.529,0.123,0,100,0,0,0,0,65.4,16.3 ,84.6 ,1.12,1.24,0.908,1.1,3.12,10.3,0.697,0.362,0.00121,0.00398,  1680,82.2,17,0.768,0.0346,0,45,1.13,1.2,0.94,1.1,3.61,11.4,0.682,0.357,0.00139,0.00437,  2240,85.4,13.3,1.04,0.217,0,50,1.07,1.19,0.903,1.11,3.53,11.2,0.686,0.335,0.00143,0.00455,  2920,81.7,17.8,0.511,0,0,48,1.17,1.24,0.941,1.11,3.67,10.8,0.66,0.339,0.00136,0.004,  2240,85,14.2,0.786,0.036,0,43,1.25,1.13,1.11,1.13,5.1,12.1,0.579,0.523,0.00178,0.00422,  2280,98,2.03,0,0,0,46,1.11,1.15,0.962,1.11,3.92,12.3,0.681,0.337,0.00154,0.00482,  2480,86.4,13.6,0,0,0,50,1.82,1.67,1.09,1.13,3.69,9.15,0.597,0.647,0.000883,0.00219,  2240,96.3,3.52,0.163,0,0,46,1.18,1.23,0.959,1.11,3.81,11.8,0.678,0.351,0.0014,0.00436,  2640,86.1,13.3,0.29,0.291,0,44,1.05,1.2,0.87,1.09,3.32,10.7,0.689,0.335,0.00138,0.00444,  2520,79.6,18.9,1.13,0.291,0,48,1.31,1.43,0.916,1.1,3.41,9.53,0.642,0.355,0.00113,0.00316,  3960,83.4,15.7,0.592,0.359,0,51,
2021-07-19,18:14:22.790,1.17,1.32,0.891,1.1,37.3,101,0.63,0.422,0.00138,0.00374,3.19,1.7,100,2.7e+04,2.05e+04,2.3e+03,1.32,32.9,1.17,29.3,80.8,14.6,0.999,3.64,0,100,0,0,0,0,62.8,16.2,84.5,1.17,1.32,0.891,1.1,37.3,101,0.63,0.422,0.00138,0.00374, 27760,3.19,1.7,100,45,80.8,14.6,0.999,3.64,0,100,0,0,0,0,62.8,16.2 ,84.5 ,1.13,1.34,0.849,1.11,3.17,9.21,0.656,0.373,0.00121,0.00353,  1760,76.5,13.7,0.801,9.03,0,48,0.961,1.18,0.817,1.1,3.28,9.86,0.668,0.35,0.00148,0.00446,  1680,74.3,17.4,1.4,6.93,0,50,1.06,1.26,0.842,1.09,3.46,9.82,0.648,0.371,0.00142,0.00403,  2000,77.5,16.8,1.1,4.62,0,49,0.968,1.23,0.786,1.09,3.12,9.54,0.673,0.345,0.0014,0.00429,  3240,72.2,21.2,0.849,5.7,0,45,1.28,1.19,1.08,1.13,5.18,11.2,0.539,0.551,0.00176,0.00381,  4880,95.2,4.83,0,0,0,47,0.97,1.18,0.824,1.08,3.06,10.1,0.697,0.368,0.00137,0.00452,  2520,76.3,23.3,0.409,0.0187,0,49,1.26,1.37,0.918,1.1,4.4,10.8,0.593,0.341,0.00152,0.00374,  3880,83.5,14.4,0.744,1.38,0,47,1.61,1.58,1.02,1.12,4.1,10.6,0.613,0.603,0.00111,0.00285,  2560,91.7,6.92,0.391,1,0,45,1.3,1.48,0.881,1.1,3.62,9.36,0.614,0.363,0.00121,0.00313,  1960,79.9,13.4,2.84,3.79,0,49,1.19,1.33,0.895,1.11,3.93,10.4,0.621,0.342,0.00143,0.00377,  3280,80.5,14.1,1.45,3.96,0,51,
2021-07-19,18:14:23.788,1.24,1.33,0.928,1.11,38.5,103,0.628,0.421,0.00135,0.00363,3.34,1.77,100,2.85e+04,2.14e+04,2.3e+03,1.33,33.4,1.24,31,83.7,12.9,1,2.36,0,100,0,0,0,0,64.1,16.4,84.6,1.24,1.33,0.928,1.11,38.5,103,0.628,0.421,0.00135,0.00363, 26240,3.34,1.77,100,45,83.7,12.9,1,2.36,0,100,0,0,0,0,64.1,16.4 ,84.6 ,1.06,1.24,0.86,1.1,3.79,10.6,0.641,0.328,0.00155,0.00431,   480,78,15.4,1.91,4.69,0,49,1.03,1.19,0.861,1.1,3.78,11,0.656,0.334,0.0016,0.00466,   200,78.5,15.9,1.95,3.68,0,51,1.09,1.22,0.895,1.11,3.76,11.3,0.667,0.362,0.0015,0.00448,   520,80.7,13.4,0.704,5.25,0,51,1.25,1.37,0.912,1.12,3.58,10.4,0.655,0.354,0.00125,0.00362,   160,81.6,14.9,0.524,3.03,0,48,1.29,1.19,1.09,1.13,5.48,11.5,0.525,0.527,0.00185,0.00389,  6440,96.1,3.87,0,0,0,47,1.08,1.2,0.895,1.1,3.62,10.7,0.663,0.389,0.00146,0.00434,   920,81.3,18.6,0.0536,0.0149,0,50,1.79,1.84,0.974,1.12,3.61,7.61,0.526,0.677,0.000874,0.00184,   200,87.3,7.21,0.969,4.48,0,49,1.23,1.35,0.91,1.1,3.38,9.93,0.659,0.358,0.00119,0.00351,   840,82.9,15.1,1.35,0.641,0,47,1.36,1.38,0.98,1.11,3.88,10.3,0.622,0.367,0.00124,0.00329, 13520,88.2,10.1,1.12,0.587,0,47,1.21,1.33,0.91,1.1,3.59,10.1,0.645,0.347,0.00129,0.00363,  2960,82.8,14.5,1.44,1.22,0,49,
2021-07-19,18:14:24.792,1.17,1.31,0.89,1.1,36.2,101,0.641,0.417,0.00134,0.00375,3.14,1.64,100,2.69e+04,2.05e+04,2.3e+03,1.31,32.8,1.17,29.3,81.2,13.7,0.886,4.25,0,100,0,0,0,0,62.5,16.2,84.7,1.17,1.31,0.89,1.1,36.2,101,0.641,0.417,0.00134,0.00375, 27400,3.14,1.64,100,43,81.2,13.7,0.886,4.25,0,100,0,0,0,0,62.5,16.2 ,84.7 ,0.986,1.17,0.84,1.1,3.66,10.2,0.643,0.335,0.00161,0.00451,  3520,76.6,18.9,0.717,3.75,0,45,1.56,1.51,1.04,1.11,3.7,10.5,0.647,0.559,0.00103,0.00291,   800,93.2,6.04,0.274,0.486,0,49,1.1,1.28,0.854,1.09,3.22,10.2,0.683,0.346,0.00128,0.00403,  1320,78.3,12.2,1.21,8.23,0,47,1.29,1.5,0.858,1.1,2.79,8.18,0.659,0.503,0.000938,0.00275,  1320,78.3,12.6,1.47,7.59,0,44,1.25,1.19,1.05,1.13,4.85,11.1,0.562,0.546,0.00168,0.00384,  2560,93.3,6.66,0,0,0,46,1.19,1.37,0.869,1.08,3.51,9.62,0.636,0.357,0.00128,0.00352,  2320,80.6,19.3,0.0419,0.000616,0,49,0.958,1.22,0.788,1.07,3.38,9.94,0.66,0.32,0.00153,0.00449,  2840,73.4,19.9,1.82,4.87,0,47,1.1,1.28,0.859,1.08,3.52,9.98,0.647,0.364,0.00139,0.00395,  5840,79.4,16.1,0.794,3.69,0,43,1.19,1.35,0.883,1.1,4.06,10.5,0.615,0.327,0.00148,0.00384,  3240,80.3,11.7,1.12,6.84,0,48,1.08,1.25,0.863,1.1,3.53,10.7,0.671,0.361,0.00142,0.00432,  3640,78.5,13,1.42,7.07,0,50,
2021-07-19,18:14:25.790,1.18,1.31,0.896,1.1,37,101,0.635,0.424,0.00137,0.00375,3.2,1.7,100,2.71e+04,2.06e+04,2.3e+03,1.31,32.9,1.18,29.4,81.1,14.2,0.723,3.96,0,100,0,0,0,0,62.9,16.3,84.5,1.18,1.31,0.896,1.1,37,101,0.635,0.424,0.00137,0.00375, 25880,3.2,1.7,100,44,81.1,14.2,0.723,3.96,0,100,0,0,0,0,62.9,16.3 ,84.5 ,0.995,1.21,0.819,1.09,3.48,10.3,0.662,0.35,0.00152,0.0045,  1040,75,17.9,0.823,6.24,0,47,1.08,1.24,0.874,1.1,3.55,10.4,0.659,0.358,0.00142,0.00417,  3880,79.2,13.9,0.62,6.25,0,50,1.1,1.22,0.9,1.11,3.72,10.6,0.649,0.359,0.00147,0.00417,  2280,81.3,13.4,0.701,4.57,0,48,1.24,1.42,0.879,1.1,3.59,9.65,0.628,0.354,0.00126,0.00337,  2040,79.6,13.8,1.18,5.49,0,45,1.23,1.15,1.07,1.13,5.07,11.3,0.551,0.542,0.00179,0.00399,  6920,94.3,5.65,0,0,0,47,1.25,1.37,0.912,1.09,3.26,9.66,0.662,0.57,0.00113,0.00336,  2360,83.4,16.6,0,0,0,49,1.58,1.63,0.969,1.11,3.52,9.1,0.613,0.513,0.000971,0.00251,  1520,86.9,10.1,0.88,2.09,0,47,1.02,1.24,0.818,1.1,3.34,9.83,0.66,0.347,0.00143,0.0042,   560,74.5,21.2,1.6,2.63,0,46,1.05,1.25,0.84,1.1,3.74,10.6,0.646,0.353,0.00155,0.00438,  1080,76.7,16.3,1.06,5.92,0,50,1.23,1.39,0.887,1.1,3.72,10.1,0.631,0.35,0.00131,0.00356,  4200,80.5,12.7,0.367,6.42,0,50,
2021-07-19,18:14:26.793,1.33,1.32,1.01,1.12,41.9,114,0.632,0.413,0.00137,0.00372,3.62,1.86,100,3.06e+04,2.32e+04,2.3e+03,1.32,33,1.33,33.3,89.9,9.53,0.394,0.158,0,100,0,0,0,0,67,16.5,84.6,1.33,1.32,1.01,1.12,41.9,114,0.632,0.413,0.00137,0.00372, 25520,3.62,1.86,100,44,89.9,9.53,0.394,0.158,0,100,0,0,0,0,67,16.5 ,84.6 ,1.26,1.29,0.976,1.12,3.91,11.4,0.655,0.372,0.00135,0.00393,  3560,87.2,11.7,1.1,0.0381,0,46,1.35,1.34,1.01,1.12,4.19,11.1,0.624,0.355,0.00135,0.00357,  1000,90.4,8.32,0.544,0.758,0,50,1.23,1.24,0.991,1.12,3.98,12,0.669,0.362,0.00141,0.00424,  3320,88.7,10.7,0.395,0.11,0,49,1.45,1.41,1.02,1.12,4.35,11.3,0.615,0.361,0.0013,0.00338,  1120,91.1,8.35,0.417,0.113,0,43,1.31,1.17,1.11,1.13,5.31,11.8,0.551,0.524,0.00177,0.00393,  4360,98.4,1.57,0,0,0,46,1.18,1.23,0.956,1.12,4.21,11.7,0.639,0.335,0.00155,0.00431,  2400,85.4,14.6,0.0524,0,0,49,1.28,1.32,0.971,1.11,3.7,10.6,0.65,0.37,0.00126,0.0036,  1640,87.2,12.4,0.232,0.169,0,47,1.62,1.54,1.06,1.12,4.34,11.3,0.616,0.596,0.00116,0.00303,  3000,94.4,5.3,0.312,0.00534,0,44,1.42,1.41,1,1.12,4.08,10.7,0.619,0.35,0.00125,0.00328,  3160,89.3,9.91,0.555,0.212,0,49,1.2,1.23,0.975,1.12,3.79,11.9,0.682,0.354,0.00137,0.00431,  1960,87,12.5,0.33,0.169,0,50,